Product Code,Manufacturer,On Hand
543-7606-02 *, CONCORD ELECTRONICS,104
18-MTW-WHT, FOUR STAR WIRE & CABLE INC,75
4072-1X02HB, OUPIIN AMERICA,436
4072-PIN-T, OUPIIN AMERICA,9446
5PA2 *, R S ELECTRONICS,33
DC1205F12JP,ABEL,1
04-BM0,ADVANCED CABLE TIES INC.,500
AML-53-LGD *,ADVANCED MICRO LITES,483
A202212-NL *,AESCO ELECTRONICS,6
TNC10060XD2HS,AIROTRONICS,60
105-SR2511F-17S,ALPHA,1
JAF10000,ALTECH,1
197-008,ALTECH,2
1CU5,ALTECH,2
EPCAFL4U,ALTECH,2
PIR6W-1P-24U,ALTECH,2
S2,ALTECH,2
2AMPP4,ALTECH,3
2ALM4LB-012,ALTECH,6
CA722/100,ALTECH,6
2511120,ALTECH,12
CMDB4/4,ALTECH,20
"PVP03-3,81",ALTECH,24
5315828,ALTECH,30
MI-252 (5.00),ALTECH,44
CMDB4/3,ALTECH,50
HE10WPR/04,ALTECH,50
CMDB6/4,ALTECH,55
5308709,ALTECH,100
HE1WPR/04,ALTECH,100
MVE-152,ALTECH,100
5308521,ALTECH,149
5308925,ALTECH,312
MI-253 (5.00),ALTECH,324
7211885,ALTECH,370
5308716,ALTECH,395
7211855,ALTECH,600
7211496,ALTECH,666
5308921,ALTECH,795
6000070,ALTECH,3377
7211851,ALTECH CORPOATION,338
5308507,ALTECH CORPOATION,7340
S1,ALTECH CORPORATION,3
KU1.V,ALTECH CORPORATION,7
CA713/10,ALTECH CORPORATION,10
CA715/10,ALTECH CORPORATION,10
7211853,ALTECH CORPORATION,30
MI-273(4),ALTECH CORPORATION,77
7211852,ALTECH CORPORATION,90
5308902,ALTECH CORPORATION,100
7211485,ALTECH CORPORATION,399
5308905,ALTECH CORPORATION,600
5308901,ALTECH CORPORATION,1455
1680-318-1,AME,2486
1445022-2,AMP,2
1445022-3,AMP,2
770030-1,AMP,2
770023-1,AMP,5
770247-3,AMP,5
770246-3,AMP,13
821240,AMP,100
60619-1 *,AMP,590
5649AB,APEM,2
9633NAB,APEM,2
MHPS2266,APEM,3
IPR5FAD6,APEM,4
U1600,APEM,9
A01ES,APEM,24
1213A2ULCSA,APEM,25
U31,APEM,31
AV09C703D200,APEM,40
639H/2-3V,APEM,48
3ATL6,APEM,50
1213MA,APEM,60
U1602,APEM,1211
2641LP2A21900L110V,APEM,3000
Q8P1BXXSY110E,APEM COMPONENTS,75
AV091003C900,APEM COMPONENTS,80
U19775,APEM COMPONENTS,86
2641LH/2A21600L220V,APEM COMPONENTS,147
Q8P1BXXSG110E,APEM COMPONENTS,205
PKX60B1/4,APEM COMPONENTS,464
Q8P1BXXSR12E,APEM COMPONENTS,599
1S09-22.5N,APEM/MEC,185
N5032B,APM,50
18-B  *,APM,103
12-BB WHITE,APM,296
50154,APM,989
60064,APM ,75
IQ1030A RED,APM HEXSEAL,1
40151 BLACK,APM HEXSEAL,59
40155 BLACK,APM HEXSEAL,98
1113/70,APM HEXSEAL,100
HE1070,APM HEXSEAL,100
1113/34,APM HEXSEAL,146
N-1030A,APM HEXSEAL,235
C1221/23 4,APM HEXSEAL,954
IQ1030A 20,APM HEXSEAL,975
N5030 GRAY,APM HEXSEAL,1380
N-303045,APM HEXSEAL,1500
C1221/24 4,APM HEXSEAL,2500
C1221/25,APM HEXSEAL,2500
50154 BLACK,APM HEXSEAL,2683
R6-32X1/2 2701 NYPLATE,APM HEXSEAL,2980
N-303044,APM HEXSEAL,3000
1231/35 4,APM HEXSEAL,4493
SA3179/1,ARCO,20
3832510EB,ARCOLECTRIC,5
C6050ALBB-1196W,ARCOLECTRIC,31
C1572AABB,Arcolectric,175
L188,ARCOLECTRIC,197
C1300ARBB,ARCOLECTRIC,655
C3900BA,ARCOLECTRIC,1796
3032V,ARROW HART/EAGLE,31
SU-0609-6-20,AVID PRODUCTS,2230
4861,BGM,100
21885,BOLTON,1
AV-PANEL,BOLTON,14
15-887,BOLTON,139
0332209-137,BOSCH,3
3851A-282-103BL,BOURNS,101
PIP-11775,BUD,7
PB1559-TF,BUD,58
PC-11471,BUD ENCLOSURES,3
PBC1575C,BUD IND,4
PB-1559,BUD IND,32
PC-11420,BUD INDUSTRIES,7
PB-1554-BF,BUD INDUSTRIES,29
T3 RED,BURGESS/SAIA,1
HEAT SINK,BUS AIR,40
CAP,BUS AIR,390
19135-02M,BUSSMAN,4
76810,BUSSMAN,42
CB211-30,BUSSMAN,48
CB211-20,BUSSMAN,53
32006-A22,BUSSMANN,90
32006-CP,BUSSMANN,90
32006-TPA,BUSSMANN,90
E201J60V8GE2,C&K COMPONENTS,80
752702000,C&K COMPONENTS ,25
L28D1AN01-00000-000,CALRING,10
TIGM5M-1C-WH-A,CALRING TECH,18
CFW-1100-48-D-UNP-BLK,CANUSA,16.6
K2.375BKSU,CANUSA,1000
TGDC405-TB-W,CARL;ING TECH,1200
1186-S,CARLING,1
HK25E-73 *,CARLING,1
L28D1XNM1-3AAXX-1G7-XHS1,CARLING,1
LT-2564-501-012,CARLING,1
LTIGM51-6S-BL-RC-GN-NBL/12V *,CARLING,1
TA201-TB-B,CARLING,1
V2D1160B-AWC00-000,CARLING,1
V6D2A60C-00000-000,CARLING,1
V6D2K66B-ANC00-000,CARLING,1
VM6-01,CARLING,1
VV1KZ00-000,CARLING,1
VVA9C00-ACS,CARLING,1
VVAZC00-000/BOOST CONTROL,CARLING,1
VVGDC00-000,CARLING,1
1238-Q,CARLING,2
859-71716-001,CARLING,2
999-16625-001 *,CARLING,2
L12E1S001-AZZ00-000,CARLING,2
L14D1S001-AZZ00-000,CARLING,2
L21B1CDD1-3AAXX-1XX-XRH1,CARLING,2
V1D2CW6C-APL00-0,CARLING,2
V2D2A60B-ARS00-000,CARLING,2
V6D2U661-JKK00-000,CARLING,2
V9D1HW6B-APD00-0,CARLING,2
VVFMY00-000,CARLING,2
L70D1SW0J-PZ100-0,CARLING,3
LT-2561-601-012,CARLING,3
LT-2584-501-012,CARLING,3
V8D2XX0B-00000-000-XRG1,CARLING,3
VDDKS00B-AZCXX-000,CARLING,3
VVAZS00-000/HORN-NO LENS,CARLING,3
6G057-78/TABS,CARLING,4
700-4A-BL,CARLING,4
L11D1D60A-AMZ00-000,CARLING,4
L11D1DC01-3AZDD-100,CARLING,4
L70B1CDD1-3AAXX-3XX-XLR1,CARLING,4
LRA211-CG-B/125N-XBE1,CARLING,4
V1D1S00B-AZC00-AY,CARLING,4
V2D1S00B-AZC00-16T,CARLING,4
V2D1S00B-AZC00-1AG,CARLING,4
VGDJS00B-AZC00-1AH,CARLING,4
VVAWC00-000/BILGE PUMP/RR,CARLING,4
VVAYC00-000/NAV LTS,CARLING,4
2FB63-73,CARLING,5
536-11587-004,CARLING,5
AA2-B0-44-610-1B1-C,CARLING,5
L11D1AN01-00000-000,CARLING,5
VL5AS001-00000-000,CARLING,5
VM11AH01-6JZ00-000,CARLING,5
VVAZYF4-100,CARLING,5
L15B1B0D1-3ZA00-1XX-XAB1,CARLING,7
L18B1S001-AZZ00-000,CARLING,7
TILA54-1S-BL-FN *,CARLING,7
VVAWC00-000/ACC,CARLING,7
CA2-B0-34-630-1B1-I,CARLING,8
TIGL721-1C-BL-G *,CARLING,8
V811S00B-6ZZ00-XX2,CARLING,8
VLD1S001-VV4ZZXX-100-SPKEF,CARLING,8
VVAZY1F-100,CARLING,8
6FA53-73 TABS,CARLING,9
L72D1S001-AZZ00-000,CARLING,9
TILB6A-1L-BL-A *,CARLING,9
VVA3Y2F-100,CARLING,9
VVASH00-000,CARLING,9
6GM5U-78,CARLING,10
LTILA51-6S-BL-RC-NBL/125N,CARLING,10
V1BBAJ0C-A4C13-000,CARLING,10
V1D2A60B-AKCXX-000,CARLING,10
LTILA51-1S-WH-GN-XSP5,CARLING,12
AA2-B0-34-650-5B1-C,CARLING,13
L21B1CDD1-3AAXX-1XX-XDC1,CARLING,14
V1BBU88C-AUB00-000,CARLING,14
VVG2C00-000,CARLING,14
V5D2S00B-AZCXX-000,CARLING,15
L11D1S00A-AZZ00-000,CARLING,16
CA2-B0-34-650-1B1-I,CARLING,17
L11D1S001-AZZ00-000,CARLING,17
V4D1B60B-AEC00-000,CARLING,17
VVGRCNJ-11M-XSW2,CARLING,17
AB2-B0-34-630-5B1-C,CARLING,18
V1D2B60B-ARCXX-000,CARLING,18
TIGK6M-1L-WH-FN *,CARLING,19
V6D1466B-00000-000,CARLING,19
VDD1B60B-00000-000,CARLING,19
VHDDS00B-00000-000,CARLING,19
VVARC00-000/EJECT,CARLING,19
VVFRC00-000,CARLING,19
2GM76-D-4B-B-XEL1,CARLING,20
L12D1S001-AZZ00-000,CARLING,20
TB201-TW-W SPECIAL,CARLING,20
VVAAC00-000/LIVEWELL,CARLING,20
VVCUB00-000,CARLING,20
LT-1584-501-012,CARLING,21
L26B1CDD1-3AAXX-3XX-XWD2,CARLING,22
VVAWC00-000,CARLING,22
Y251 *,CARLING,22
AA2-B0-26-640-5B1-C,CARLING,23
VMD1S00B-00000-000,CARLING,23
AA2-B0-34-630-4B1-C,CARLING,24
L24D1GNN1-00000-ENG BRAKE,CARLING,24
L28D1AN01-00000-PEDALS,CARLING,24
VJD2UXHB-00000-000-XVB1,CARLING,24
VMD1160B-00000-000,CARLING,24
8C4-B-B21,CARLING,25
HM250-73,CARLING,25
MA1-T-24-625-1-A36-B-C,CARLING,25
TIGL61-2LD-WH-BL-NBL *,CARLING,25
V4D2U661-00000-000,CARLING,25
VVARC00-000/INT. LIGHT,CARLING,25
VLD1S001-VV4ZZXX-100-XSM1,CARLING,26
VGD2B60B-AKCXX-000,CARLING,27
62151461-0-0-N,CARLING,30
110-B-73,CARLING,32
VDD1A60B-00000-000,CARLING,32
308-07740,CARLING,33
AA2-B0-34-620-4B1-C,CARLING,33
EA2-B0-26-630-1DA-EB,CARLING,33
CA3-B0-34-630-321-C,CARLING,34
L68B1S001-AZZ00-000,CARLING,34
AA2-B0-34-630-4B1-I,CARLING,35
V8D2S00B-AZCXX-000,CARLING,35
V211AN0B-6DZ00-XX4,CARLING,36
VJD2Y66B-00000-000,CARLING,36
L52D1A601-00000-000,CARLING,37
1213-BLANK,CARLING,39
VVA3Y00-000,CARLING,39
VVGRCNA-11U-XSW2,CARLING,39
CLB-103-27J5A-W-H/10,CARLING,40
H31H,CARLING,40
LT-1564-501-012,CARLING,40
V5B2S00B-AZC00-000,CARLING,40
RSCA211-RB-B-O-N,CARLING,42
2GE50-73,CARLING,43
172-B,CARLING,45
V1D12N0B-00000-000,CARLING,46
V6D1D661-00000-000,CARLING,46
2GM61-NBL3,CARLING,47
V8D2S00B-00000-000,CARLING,47
CLB-303-27J5A-W-H/30,CARLING,50
EA2-X0-13-150-31E-DC,CARLING,50
JKB2XXJB-00000-000-XVB2,CARLING,50
PBB-BB-24-615-4BA-EG,CARLING,50
V2B2UXJB-00000-000-XVB1,CARLING,50
V2BDS00B-00000-000,CARLING,50
V4D6S00B-00000-000,CARLING,50
VDB2UXJB-00000-000-XVB1,CARLING,50
VLDDS00B-00000-000,CARLING,50
VP1X0-62ZFZ-XX1XX-XMM2,CARLING,50
VSDKS00B-00000-000,CARLING,50
VVAZG00-000,CARLING,50
VVPZCXX-1XX-XWW1,CARLING,50
TIGM5M-6S-BL-NBL/MATTE,CARLING,52
VED2160B-00000-000,CARLING,52
VVCZH00-000,CARLING,52
VVG9C00-000,CARLING,52
CA2-B0-34-640-121-C,CARLING,53
L11B1S001-00000-000,CARLING,53
L26D1S001-00000-000,CARLING,53
VJD1SW0B-AZ500-0,CARLING,54
VTHZZCN00-000,CARLING,54
AA1-B0-34-650-5B1-C,CARLING,55
VXD1S00B-00000-000-XSG1,CARLING,55
L26D1CNN1-00000-BRAKE,CARLING,56
VJD2UCCB-00000-000,CARLING,58
L68D1CHH1-00000-000,CARLING,60
TIGC5E-6S-BL-XAW2 *,CARLING,60
VB4AS00B-00000-XSR1,CARLING,60
VLD1AC0B-00000-000,CARLING,60
879-72763-001,CARLING,61
VVA4C00-000,CARLING,61
AA1-B0-34-640-5B1-C,CARLING,63
VSDKS00B-AZCXX-000,CARLING,63
RV24B1S000B-KZC,CARLING,65
VVAEC00-000/ACC,CARLING,65
V4D1G66B-00000-000,CARLING,67
LTA111-PB-B-R  *,CARLING,68
6GG5B-73,CARLING,71
VLD2A60B-00000-000,CARLING,71
V812UFFC-63300-XX6,CARLING,74
VDD12C0B-00000-000,CARLING,74
VVPZCXX-1XX-XRW1,CARLING,75
V811S001-6ZZ00-XX3,CARLING,76
LT-1534-510-012,CARLING,79
2FC54-73-XPS1,CARLING,80
VJDJS00B-00000-000,CARLING,80
V4D2S00B-00000-000,CARLING,81
VJD1AN0B-00000-000,CARLING,81
VV1PZ00,CARLING,81
LD151SS1-AZZFE-2FC,CARLING,82
VLD1160B-00000-000,CARLING,83
L16D1S001-00000-000,CARLING,84
VLD2S00B-AZC00-000,CARLING,85
CA3-X0-13-151-1D1-C,CARLING,87
VRT1,CARLING,87
V811AN0B-6DZ00-XX1,CARLING,89
AA1-B0-34-610-4B1-C,CARLING,90
CLB-053-27J5A-W-H/05,CARLING,90
VJDJG66B-00000-000,CARLING,90
AA1-B0-34-450-4B1-C,CARLING,92
LMS-01,CARLING,92
6GG5A-73,CARLING,94
VGDKG66B-00000-000,CARLING,95
V5B2S00B-00000-000,CARLING,96
VVAGC00-000,CARLING,96
VVAZH00-000,CARLING,96
V1D1766B-00000-000,CARLING,99
2GM50-73,CARLING,100
H318,CARLING,100
L24D1DN01-00000-000,CARLING,100
RA580-VB-B-9-V,CARLING,100
SPM09045,CARLING,100
TIGC51-6S-WH-NWH,CARLING,100
V1DDS00C-00000-000,CARLING,100
V811S00B-6ZZ00-000,CARLING,100
VJDAS00B-00000-000,CARLING,100
VKBDS00B-00000-000,CARLING,100
VL11S001-00000-000,CARLING,100
VP166-B11RE-00000,CARLING,100
VTHUUCC00-000,CARLING,100
VVG9CXX-100-XDFF1,CARLING,100
VVG9CXX-100-XST1,CARLING,100
VVMRZ00-000,CARLING,100
L18D1CHH1-3AAFE-1FC,CARLING,101
CA2-B0-34-625-321-C,CARLING,103
VGD11H0B-00000-000,CARLING,103
VVACB00-000,CARLING,103
CA2-X0-13-153-1D1-C,CARLING,108
VVCNY00-000,CARLING,109
VVANC00-000,CARLING,111
JC3-01,CARLING,114
VVCNH00-000,CARLING,117
V4D1A60B-00000-000,CARLING,120
V7D1A60B-00000-000,CARLING,120
VAD1160B-00000-000,CARLING,123
V1D2HW6B-ADE00-000,CARLING,124
VVCTB00-000,CARLING,127
AA1-B0-34-615-4B1-C,CARLING,129
LLL2K000,CARLING,129
VVPZX89-1AD-XHN1,CARLING,129
700-A-BL,CARLING,131
V2D1W66B-00000-000,CARLING,131
AA1-B0-34-475-3B1-C,CARLING,132
P27L-BL,CARLING,132
V1D2A60B-00000-000,CARLING,134
VDD1S00B-00000-000,CARLING,135
CLB-403-00DNN-B-H/40,CARLING,137
V1D2B60B-ARSXX-000,CARLING,137
L31E1A601-0000-00,CARLING,140
AA1-B0-34-625-4B1-C,CARLING,144
VVCZC00-000/UP TRIM DOWN,CARLING,144
LD3A1NN1-3AAFE-1FC,CARLING,145
CLB-033-27J5A-W-H/03,CARLING,147
VV1PP00,CARLING,147
VVPZXXX-11M-XBG1,CARLING,148
VTLUZCN00-000,CARLING,149
VBD2GXHB-00000-000-XEN1,CARLING,150
VDB2UXXB-00000-000-XVC1,CARLING,150
VLD1S001-1ZZ8V-100,CARLING,150
VTHUZCN00-000,CARLING,150
VVG9CXX-100-XDL1,CARLING,150
VVG9CXX-100-XESP1,CARLING,150
VVG9CXX-100-XKNL1,CARLING,150
VVG9CXX-100-XMS1,CARLING,150
VVG9CXX-100-XYLD1,CARLING,150
VVPZCXX-1XX-XFRF1,CARLING,150
VVPZCXX-1XX-XHLV1,CARLING,150
VVPZCXX-1XX-XMCH1,CARLING,150
VVPZCXX-1XX-XNMD1,CARLING,150
VAD2U66B-00000-000,CARLING,152
AC1-B0-24-625-1G1-C,CARLING,154
L11D1ENN1-00000-000,CARLING,155
LW1A13Z-1165100-XCS1,CARLING,155
VJD2S00B-00000-000,CARLING,157
L24D1DX01-AMZ00-000-XRD1,CARLING,159
VVG9S00-000,CARLING,159
LD3A1CC1-3AAFE-1FC,CARLING,161
V1D1B601-00000-000,CARLING,162
VMS-01,CARLING,162
RGSCC701-R-W-B-0,CARLING,165
VVCZS00-000,CARLING,167
LDCA1DD1-3AAFE-1FC,CARLING,168
V1D2S00B-AZCXX-000,CARLING,169
LD3A1HH1-3AAFE-1FC,CARLING,171
VDD2S00B-00000-000,CARLING,175
L12D1S001-00000-000,CARLING,176
V6D1S00B-00000-000,CARLING,178
VJD1160B-00000-000,CARLING,179
V1D1AN0B-A9C00-000,CARLING,180
VDD1SW0B-AZE00-0,CARLING,181
296-07718-001 JUMPER,CARLING,189
V4D1160B-00000-000,CARLING,191
VMS-02,CARLING,193
V2D2S00B-AZSXX-000,CARLING,194
VLD1S001-00000-000,CARLING,194
V1D1JHCB-00000-000,CARLING,197
L28D1AH01-00000-000,CARLING,199
VV4ZZXX-100-XSM1,CARLING,199
VVGWCN5-1XX-XDL1,CARLING,199
L11D1AH01-00000-000,CARLING,200
V6DDS00B-00000-000,CARLING,200
VGD1160B-00000-000,CARLING,200
VLD1G66B-00000-000,CARLING,200
VVG9CXX-100-XAL1,CARLING,200
VVGKCXX-100-XAL1,CARLING,200
VVPZXXX-191-XBL1,CARLING,200
VJD1D661-00000-000,CARLING,201
62152481-0-0-N,CARLING,203
172,CARLING,204
VVAZR00-000,CARLING,206
VDD2Y66B-00000-000,CARLING,208
VJD2XN0B-00000-000-XDUA1,CARLING,209
VLD2S00B-00000-000,CARLING,212
CLB-253-27E3N-W-A,CARLING,213
LT-1581-601-012,CARLING,215
VVASY00-000,CARLING,216
651882-WB-0N,CARLING,218
LLL2G000,CARLING,222
VVCMY00-000,CARLING,229
V8D1S001-00000-000,CARLING,233
VAD2A60B-AKCXX-000,CARLING,233
CLB-303-27E3N-W-A,CARLING,237
VVAEC00-000,CARLING,246
V1D1BN0B-00000-000,CARLING,249
V1D1S00B-CZB00-000,CARLING,250
L11D1D601-00000-000,CARLING,255
VJD1G66B-00000-000,CARLING,261
VVF9C00-000,CARLING,261
2GK50-73,CARLING,262
VVPZXXX-1XX-XNL1,CARLING,264
LRA211-RA-B/125N/I-0,CARLING,266
VVF8C00-000,CARLING,268
LLL2J000,CARLING,272
LLL2H000,CARLING,273
VVCTC00-000,CARLING,273
V2D2A60B-00000-000,CARLING,275
L11D1S001-00000-000,CARLING,276
LT-1514-510-012,CARLING,282
CMB-153-27G3N-WA-15,CARLING,291
CLB-083-27E3N-W-A,CARLING,292
VVGWC1T-100,CARLING,295
L11D1A601-00000-000,CARLING,297
VGD2B60B-00000-000,CARLING,299
V4DDS00B-00000-000,CARLING,300
VLD1AT0B-00000-000,CARLING,300
VLDJS002-00000-000,CARLING,300
VVG9CXX-100-XINL1,CARLING,300
VVPZCXX-1XX-XW11,CARLING,300
L11D1CHH1-00000-000,CARLING,307
V2D1160B-00000-000,CARLING,309
VVGPCND-189-XSW2,CARLING,309
VHP,CARLING,311
VVGRCNB-199-XWG1,CARLING,318
VVGRCNK-191-XSW2,CARLING,318
VVAFC00-000,CARLING,319
RB201-RB-B-0-N,CARLING,324
L12D1A601-ABZ00-000,CARLING,332
VVAZS00-000,CARLING,333
V1D2S00B-00000-000,CARLING,334
V6D2S00B-00000-000,CARLING,335
VVGWCXX-16R-XLW1,CARLING,336
VME-01,CARLING,337
VVGPC8W-187-XFW2,CARLING,338
VVGRCNH-11K-XSW2,CARLING,338
VVGRC47-12D-XWG1,CARLING,339
V2D2S00B-00000-000,CARLING,340
VAD2A60B-00000-000,CARLING,348
VVGWCXX-1XX-XFW1,CARLING,349
V2D1AX0B-00000-000-XBLU1,CARLING,350
VVG9CXX-100-XHDF1,CARLING,350
VVGWCXX-1XX-XLW1,CARLING,350
VJD1S00B-00000-000,CARLING,351
VVGWCXX-1XX-XWD1,CARLING,351
VV4ZZ00-000,CARLING,357
CMB-203-11C3B-B-A20,CARLING,362
LL3AA46-1XX,CARLING,362
VVAAB00-000,CARLING,362
VVASC00-000,CARLING,368
VLD1A60B-00000-000,CARLING,369
VVGSC00-000,CARLING,370
VV1ZZ00-000,CARLING,375
VJD1D66B-00000-000,CARLING,384
V2D1AT0B-00000-000,CARLING,400
V4D11N0B-00000-000,CARLING,400
V6D11N0B-00000-000,CARLING,400
VJD2GXHB-00000-000-XCH1,CARLING,400
VTH7ZCC00-000,CARLING,400
VVG9CXX-100-XFAT1,CARLING,400
VVG9CXX-100-XSH2,CARLING,400
LL3AZ4P-100,CARLING,411
L14B1S001-AZZ00-000,CARLING,418
V2D2S00B-AZCXX-000,CARLING,420
L58E1S001-AZZ00-000,CARLING,423
LT-2561-610-012-XAS1,CARLING,436
VVALCE2-100-XHM1,CARLING,440
VVPZXXX-1XX-XDL1,CARLING,449
V1D1AX0B-00000-000-XBLU1,CARLING,450
VVG9CXX-100-XHM2,CARLING,450
VMM-01,CARLING,453
V6D1K66B-00000-000,CARLING,459
VVAZY00-000,CARLING,473
RC211-RB-B-O-N,CARLING,476
LC6-01,CARLING,478
VVL36000,CARLING,497
464-11061-459,CARLING,500
651112-BB-0N,CARLING,500
V1D1GTTB-00000-000,CARLING,500
V1D1S001-00000-000,CARLING,500
V211AN0B-6DZ00-000,CARLING,500
V8D1AN0B-CBB00-000,CARLING,500
VVA9B00-000,CARLING,502
VVALCXX-100-XAH1,CARLING,504
VVL34000,CARLING,506
HK250-73,CARLING,514
CLB-073-27E3N-B-A,CARLING,531
VVEZC00-000,CARLING,534
VVALC44-100-XNG1,CARLING,543
VVAMC00-000,CARLING,544
V1D1J66B-00000-000,CARLING,552
LL3AA00-000,CARLING,564
LLAZZ00-000,CARLING,580
RA911-R-B-B-0-N,CARLING,595
V6D1160B-00000-000,CARLING,597
V1D1AT0B-00000-000,CARLING,600
VVARY00-000,CARLING,600
VVT1,CARLING,603
V4D1S00B-00000-000,CARLING,607
LME-01,CARLING,630
VDD2GXHB-00000-000-XWG1,CARLING,634
LT-1511-710-012,CARLING,653
CLB-203-27E3N-W-A,CARLING,665
VAD1B60B-00000-000,CARLING,667
LC1-07,CARLING,676
CLB-103-27E3N-B-A,CARLING,680
VV1ZZ8V-100,CARLING,686
VVALC00-000,CARLING,694
2BB65-73,CARLING,698
V1D1AH0B-00000-000,CARLING,700
VVG8C00-000,CARLING,708
V1D1S00B-00000-000,CARLING,734
CLB-203-27E3N-B-A,CARLING,749
VVAPC00-000,CARLING,756
VVESC00-000,CARLING,770
LC2-01,CARLING,775
V6D1D66B-00000-000,CARLING,783
CLB-053-27E3N-W-A,CARLING,799
VVL35000,CARLING,814
LT-2561-701-012,CARLING,824
LT-1561-701-012,CARLING,825
V5D2S00B-00000-000,CARLING,837
VVL33000,CARLING,871
V2D1S00B-00000-000,CARLING,876
VAD1G66B-00000-000,CARLING,896
JC3-03,CARLING,897
348-34470-001,CARLING,900
8T1-E-113,CARLING,900
VVG8SXX-100-XDR1,CARLING,900
VVEPC00-000,CARLING,911
H316,CARLING,915
2FA53-73,CARLING,963
384-17126-001,CARLING,980
VVPZXXX-11R-XAC1,CARLING,999
8T1-E-114,CARLING,1000
TGBC405TBWXAI9,CARLING,1000
VVAYC00-000,CARLING,1006
536-11587-001,CARLING,1025
VVL32000,CARLING,1055
2GA51-D3BB-XNS1,CARLING,1087
380-08608-002,CARLING,1100
LT-1511-610-012,CARLING,1139
V1D2B60B-AKCXX-000,CARLING,1175
LD1-01,CARLING,1196
TIGC724-6M-WH-NWH-XDL1,CARLING,1200
VVARS00-000,CARLING,1211
V8D1S00B-00000-000,CARLING,1215
VJDJD66B-00000-000,CARLING,1229
V4D1S00B-AZCXX-100-XCD1,CARLING,1240
VC2-01,CARLING,1290
CLB-043-27E3N-B-A,CARLING,1295
VVFPC00-000,CARLING,1297
8T1-E-273,CARLING,1302
VVENC00-000,CARLING,1349
LLRA2Z00-000,CARLING,1353
CLB-203-27E1N-W-F,CARLING,1360
V811S001-6ZZ00-000,CARLING,1360
VC1-03,CARLING,1387
VVGRC00-000,CARLING,1400
CLB-103-27E3N-W-A,CARLING,1444
V1D1766B-ALCXX-100-XCB1,CARLING,1603
VVGPC00-000,CARLING,1643
VVAKC00-000,CARLING,1645
V1D2B60B-00000-000,CARLING,1737
VLD2UXHB-00000-000-XWG1,CARLING,1749
CLB-153-27E3N-B-A,CARLING,1805
VVR64000,CARLING,1832
VCH-01,CARLING,2035
VPS,CARLING,2084
VVCZC00-000,CARLING,2099
CLB-153-27E3N-W-A,CARLING,2129
VVA9C00-000,CARLING,2146
LC1-04,CARLING,2159
VVCNC00-000,CARLING,2256
VVEMC00-000,CARLING,2393
VXD1S00B-00000-000-XRYF1,CARLING,2402
VVAAC00-000,CARLING,2426
VVARC00-000,CARLING,2600
VVGZC00-000,CARLING,2754
RSCA201-VB-B-1-V,CARLING,2842
LC1-02,CARLING,3065
LC1-03,CARLING,3091
RD221-MB-B-0-N,CARLING,3539
VVFMC00-000,CARLING,3545
LC1-06,CARLING,3613
CA201-52,CARLING,3698
VVCMC00-000,CARLING,3779
HP1-01,CARLING,3910
RK7186,CARLING,4033
LC2-07,CARLING,4199
LC1-05,CARLING,4238
VVGZS00-000,CARLING,4252
VVAZC00-000,CARLING,4947
RA901-VB-B-9-V,CARLING,5022
V1D1B60B-00000-000,CARLING,6086
VVGZX00-000,CARLING,6484
LH1,CARLING,7549
LC2-02,CARLING,15746
LC1-01,CARLING,30065
EA2-B0-26-620-5DC-DD,CARLING ,1
LT-1581-611-012,CARLING ,1
MB1-B-64-615-1-A34B-D,CARLING ,1
VJDAS00B-AZC00-000,CARLING ,5
SPM09053,CARLING ,35
L68D1A601-00000-000,CARLING ,110
VVG9CXX-100-XETS1,CARLING ,150
VVABB00-000,CARLING ,176
V8D11N0B-00000-000,CARLING ,400
1132,CARLING  ,17485
VVL22000,CARLING SWITCH,16
V8D2U661-00000-000,CARLING SWITCH,108
1213-BLK,CARLING SWITCH,465
VV6ZZ00-000,CARLING SWITCH,859
BA2-B0-44-615-121-D,CARLING TECH,1
VGD2Y66B-00000-000,CARLING TECH,1
VVJZZ00-000,CARLING TECH,1
TIGM51-6S-BL-NBL,CARLING TECH,2
V1D13WN1-1DN00-0,CARLING TECH,2
VVCGY00-000,CARLING TECH,4
L26B1CDD1-3AAEK-1XX-XWD2,CARLING TECH,5
LLDZZ00-000,CARLING TECH,5
LL3AZ4P-1XX,CARLING TECH,6
VB1-01,CARLING TECH,6
VGDJS00B-00000-000,CARLING TECH,6
AB2-B0-34-615-3B1-C,CARLING TECH,13
865-71892-001,CARLING TECH,14
L11B1XDD1-3AAEK-1XX-XAD1,CARLING TECH,14
VJD1DHHW-00000-000,CARLING TECH,14
AB2-B0-34-620-3B1-C,CARLING TECH,15
L11B1XDD1-3AAEK-1XX-XEX1,CARLING TECH,15
L14B1XDD1-3AAEK-1XX-XNF1,CARLING TECH,15
AB2-B0-34-630-3B1-C,CARLING TECH,28
P27L-RD,CARLING TECH,28
AA1-B0-34-630-3B1-C,CARLING TECH,29
VVABC00-000,CARLING TECH,29
AA1-B0-34-625-3B1-C,CARLING TECH,30
AA1-B0-34-425-3B1-C,CARLING TECH,33
P26L-1D-RND-MTL,CARLING TECH,33
V2D2A60B-ARCXX-000,CARLING TECH,37
L12D1C661-00000-000,CARLING TECH,41
P27A-RD,CARLING TECH,43
879-72763-002,CARLING TECH,48
EA3-X0-13-145-31E-DC,CARLING TECH,48
VDD1AC0B-00000-000,CARLING TECH,48
V2D1A60B-00000-000,CARLING TECH,52
AB3-X0-00-159-3B1-C,CARLING TECH,53
L24D1CNN1-00000-000,CARLING TECH,53
P26A-1D-RND-MTL,CARLING TECH,53
PBD-BB-24-630-4BA-EG,CARLING TECH,62
EA3-X0-13-149-31E-DC,CARLING TECH,72
V7D2K66B-00000-000,CARLING TECH,73
CA3-X0-13-152-1D1-C,CARLING TECH,81
VV69800-000,CARLING TECH,81
VV69Z00-000,CARLING TECH,81
VV6KK00-000,CARLING TECH,82
CMB-103-27GNN-W-A,CARLING TECH,100
SILICONE SEAL,CARLING TECH,100
VDD1766B-00000-000,CARLING TECH,101
VVPZEXX-1XX-XMPW1,CARLING TECH,105
RA901-VB-B-2-V,CARLING TECH,123
VV19Z00-000,CARLING TECH,124
VP1TN-15599-XX1XX-XRDA1,CARLING TECH,150
VVG8CXX-1XX-XSWL1,CARLING TECH,150
VVG9CXX-100-XRRH1,CARLING TECH,150
VVG9CXX-1XX-XMWL1,CARLING TECH,150
384-17131,CARLING TECH,153
V1D1GCCB-00000-000,CARLING TECH,158
VVC2C00-000,CARLING TECH,190
RSCA201-VB-B-9-V,CARLING TECH,200
V6D1WNNB-00000-000,CARLING TECH,200
V2D1AC0B-00000-000,CARLING TECH,209
2GK51-73,CARLING TECH,300
VTHVVCC00-000,CARLING TECH,300
VTHVZCC00-000,CARLING TECH,300
VV8ZZ00-000,CARLING TECH,344
VVCBC00-000,CARLING TECH,388
LM6-01,CARLING TECH,400
VVCCC00-000,CARLING TECH,496
VTHZZCC00-000,CARLING TECH,539
JHA2Z00C-AZCXX-100-XHLF1,CARLING TECH,630
VTH77CC00-000,CARLING TECH,639
VVPZE00-000,CARLING TECH,669
CMB-203-11D4N-B-A20,CARLING TECHNOLOGIES,1
L21B3C661-00000-000,CARLING TECHNOLOGIES,1
L24D1A601-ANZ00-000,CARLING TECHNOLOGIES,1
AB2-B0-34-650-5B1-C,CARLING TECHNOLOGIES,2
LT-1531-640-012,CARLING TECHNOLOGIES,2
VABAB80B-AKB00-000,CARLING TECHNOLOGIES,2
HKA271-73,CARLING TECHNOLOGIES,3
L30E1HXX1-3AAXX-1Z1-XPW1,CARLING TECHNOLOGIES,4
390-09006-001,CARLING TECHNOLOGIES,5
RA911-RW-W-F-N,CARLING TECHNOLOGIES,5
PCG-BA-24-616-1DA-E12,CARLING TECHNOLOGIES,6
VK5AS00B-CZC00-000,CARLING TECHNOLOGIES,8
Jul-40,CARLING TECHNOLOGIES,9
V151S00B-00000-000,CARLING TECHNOLOGIES,9
464-11061-468,CARLING TECHNOLOGIES,14
CA1-B0-16-475-121-C,CARLING TECHNOLOGIES,14
110-PM-OFF,CARLING TECHNOLOGIES,16
VV6PZ00-000,CARLING TECHNOLOGIES,17
Jul-41,CARLING TECHNOLOGIES,19
VVPZEXX-1XX-XUHL1,CARLING TECHNOLOGIES,20
V6D2S00B-AZC00-000,CARLING TECHNOLOGIES,22
110-S-73,CARLING TECHNOLOGIES,25
V1D11601-00000-000,CARLING TECHNOLOGIES,25
V1D1260B-00000-000,CARLING TECHNOLOGIES,25
V5D1S00B-00000-000,CARLING TECHNOLOGIES,28
P27B-BL,CARLING TECHNOLOGIES,40
VVAKY00-000,CARLING TECHNOLOGIES,40
LT-1531-610-012,CARLING TECHNOLOGIES,47
LTILA51-6M-BL-GN-WBL/250N-XD,CARLING TECHNOLOGIES,47
VGD2BH01-19Z45-3AC,CARLING TECHNOLOGIES,50
VVAFB00-000,CARLING TECHNOLOGIES,50
V411S00B-00000-000,CARLING TECHNOLOGIES,55
VVPZEAC-1XX-XDCK1,CARLING TECHNOLOGIES,60
VVPZEXX-1XX-XWPU1,CARLING TECHNOLOGIES,60
VJD2UHNB-G5C00-000,CARLING TECHNOLOGIES,70
VVPZEAC-1HX-XBMN,CARLING TECHNOLOGIES,70
VVPZEAC-1HX-XEXT1,CARLING TECHNOLOGIES,70
VVPZEAC-1XX-XSTE1,CARLING TECHNOLOGIES,70
VVPZEXX-11R-XACC1,CARLING TECHNOLOGIES,70
VVPZEXX-1HX-XNAC1,CARLING TECHNOLOGIES,70
VVPZEXX-1XX-XACC1,CARLING TECHNOLOGIES,70
VSD2A60B-00000-000,CARLING TECHNOLOGIES,77
VDD2A60B-00000-000,CARLING TECHNOLOGIES,85
V4D1WHH1-00000-000,CARLING TECHNOLOGIES,87
LLA7700-000,CARLING TECHNOLOGIES,88
LT-1511-601-012,CARLING TECHNOLOGIES,93
CLB-353-27E3N-W-A/35,CARLING TECHNOLOGIES,95
VV6V200-000,CARLING TECHNOLOGIES,97
170,CARLING TECHNOLOGIES,98
V4D1S00B-AZC00-000,CARLING TECHNOLOGIES,100
VVA9S00-000,CARLING TECHNOLOGIES,100
V8D1W66B-00000-000,CARLING TECHNOLOGIES,103
VJD2U66B-00000-000,CARLING TECHNOLOGIES,120
VH5-01,CARLING TECHNOLOGIES,125
V2D2U66B-00000-000,CARLING TECHNOLOGIES,141
VBD2YNHB-00000-000,CARLING TECHNOLOGIES,142
VVC1C00-000,CARLING TECHNOLOGIES,150
V4D1S004-6ZZ00-000,CARLING TECHNOLOGIES,173
VGD2YNHB-0000-000,CARLING TECHNOLOGIES,175
VED1S00B-00000-000,CARLING TECHNOLOGIES,177
V812S00B-00000-000,CARLING TECHNOLOGIES,188
JC2-03,CARLING TECHNOLOGIES,220
V1D1AC0B-00000-000,CARLING TECHNOLOGIES,224
TIGG51-6M-BL-MBL-XJC3,CARLING TECHNOLOGIES,250
LT-1531-601-012,CARLING TECHNOLOGIES,289
VVR13000,CARLING TECHNOLOGIES,289
H2-16Z9Z-00000-XLAZ1,CARLING TECHNOLOGIES,300
VVPM2Z00-000,CARLING TECHNOLOGIES,304
VVPZC00-000,CARLING TECHNOLOGIES,312
VVR44000,CARLING TECHNOLOGIES,351
V1D1S00B-00000-000-XULF1,CARLING TECHNOLOGIES,370
464-11137-006,CARLING TECHNOLOGIES,450
LLAPZ00-000,CARLING TECHNOLOGIES,468
651882-BB-0N,CARLING TECHNOLOGIES,489
VTHUZCC00-000,CARLING TECHNOLOGIES,500
464-11137-008,CARLING TECHNOLOGIES,549
V8D1160B-00000-000,CARLING TECHNOLOGIES,599
P26B-1D-RND MTL,CARLING TECHNOLOGIES,600
V1D11H01-00000-000,CARLING TECHNOLOGIES,706
V811KHC1-1KRXX-1XX/XST2,CARLING TECHNOLOGIES,797
CLB-073-27E3N-W-A,CARLING TECHNOLOGIES,847
VVR14000,CARLING TECHNOLOGIES,892
VVL3X000,CARLING TECHNOLOGIES,960
V6D1W66B-00000-000,CARLING TECHNOLOGIES,1031
JC1-01,CARLING TECHNOLOGIES,1281
651262-BB-0N,CARLING TECHNOLOGIES,1999
JC2-01,CARLING TECHNOLOGIES,2391
VAD1S00B-00000-000,CARLING TECHNOLOGIES,3608
NBL/BLANKXLM1,CARLING TECHNOLOGIES,7983
VC1-01,CARLING TECHNOLOGIES,10737
CA201-78,CARLING TECHNOLOGIES ,1073
TIGM54-6M-WH-NWH-XDL1,CARLING TECHNOLOGIES   ,1100
VCH-02,"CARLING TECHNOLOGIES, INC ",500
PCD-BA-26-630-11A-EAA,CARLING TEHCNOLOGIES,14
2GE54-73,CARLINGSWITCH,1
RGSCC211-R-B-B-0,CARLINGSWITCH,2
HM251-73,CARLINGSWITCH,9
PA-351,CARLINGSWITCH,16
AA2-B0-26-630-1B1-C,CARLINGSWITCH,21
VVCNB00-000,CARLINGSWITCH,34
TIGK721-6S-BL-NBL,CARLINGSWITCH,43
172-CBL,CARLINGSWITCH,64
AA1-B0-34-620-3B1-C,CARLINGSWITCH,73
VVAZB00-000,CARLINGSWITCH,86
V1D2SW0B-AZF00-000,CARLINGSWITCH,96
TIGM51-6S-BL-MBL,CARLINGSWITCH,133
VVCMB00-000,CARLINGSWITCH,154
AA1-B0-34-615-3B1-C,CARLINGSWITCH,168
VVCZB00-000,CARLINGSWITCH,200
VAD1A60B-00000-000,CARLINGSWITCH,235
AA1-B0-34-610-3B1-C,CARLINGSWITCH,294
AA1-B0-34-450-3B1-C,CARLINGSWITCH,311
6FB53-A2/TABS,CARLINGSWITCH,683
RA901-VB-B-1-V,CARLINGSWITCH,690
V1D1160B-00000-000,CARLINGSWITCH,839
VLD1S00B-00000-000,CARLINGSWITCH,847
621-11221,CARLINGSWITCH,1076
VVAXC00-000,CARLINGSWITCH,1232
V1D1G66B-00000-000,CARLINGSWITCH,1295
621-12221,CARLINGSWITCH,1766
V8DAHW6B-AP100-0,CARLINGTECH,6
E69-40A,CHERRY SWITCH,8
A31ASP24VDC2R,CIT,90
A3F1ASQ12VDC2R,CIT,350
BH19NRSZX,CIT,1007
A21CCQ12VDC1.6R,CIT,4700
55023-10,COLE HERSEE,100
30056-15,COLE HERSEE ,194
AS910-75N,COLUMBIA ENG. RUBBER ,877
660A-7610-16 *,CONCORD,5
01-1532-1-02-00,CONCORD ELECTRONICS,99
701-7758,CONCORD ELECTRONICS,100
5278,COOPER WIRING DEVICES,9
SPE10-1839,CORD SETS,2
SPE18316.5GRAY,CORD SETS,11
MR3124,CORD SETS,50
BR05-FW,CUSTOM CONN,9487
312X06-L0,CUSTOM CONNECTOR,64
BR05-WP,CUSTOM CONNECTOR,401
312XP,CUSTOM CONNECTOR,460
312X13-LY,CUSTOM CONNECTOR,487
VR05-PCB,CUSTOM CONNECTOR,920
BR05-PCB-1P,CUSTOM CONNECTOR CORP,4
EC50,CUSTOM CONNECTORS,40
GF-624-0025 *,CW,22
GF1323-0010 *,CW,25
GIL2000-2010,CW,5928
GRS-4013C-0005,CW INDUSTRIES,113
CPW-7-3,DALE VISHAY,100
1500AU,DAVIES,206
SPAR85/12R LED DOT,DC,3
7415,DEL,2
12GA-PRIMARY-BLK,DEL,6
12GA-PRIMARY-RED,DEL,6
SPRL85R,DEL,8
7800010,DEL,15
76840,DEL,61
73445,DEL,100
73465,DEL CITY,1
9000273,DEL CITY,2
SPR85/ON-OFF,DEL CITY,2
73485,DEL CITY,3
7800021,DEL CITY,5
SPMR94,DEL CITY,5
73240,DEL CITY,9
7500705,DEL CITY,13
73459,DEL CITY,14
19180,DEL CITY,54
7100011,DEL CITY,110
7335,DEL CITY,120
75006,DEL CITY,126
845,DEL CITY,149
1132`,DEL CITY,175
7100005,DEL CITY,223
75038,DEL CITY,254
901485,DEL CITY,285
70004,DEL CITY,480
MRCBP-H-50A,DEL CITY,780
75016,DEL CITY,1000
7800019,DELL,2
PP85,DELL,4
7900020,DELL,22
13519047,DELPHI,2
15326801,DELPHI,2
05297428-L,DELPHI,98
12015345,DELPHI,101
12015792,DELPHI,290
12033871,DELPHI,448
12033872,DELPHI,448
15324985,DELPHI,580
2973407,DELPHI,599
6288913,DELPHI,798
12020116,DELPHI,1116
15324982,DELPHI,1320
1839906,DELPHI,1598
15300014,DELPHI,2154
15300027,DELPHI,2154
12084590,DELPHI,3501
835006,DERONNIE ,50
114010,DEUTSCH,1
0460-204-08141,DEUTSCH,2
0462-203-08141,DEUTSCH,2
DTHD06-1-8S,DEUTSCH,2
DTHD04-1-8P,DEUTSCH,3
W4P,DEUTSCH,55
DTM04-2P,DEUTSCH,100
DT04-3P,DEUTSCH,150
DTP06-4S,DEUTSCH,199
WP-4S,DEUTSCH,199
DT04-2P-C015,DEUTSCH,200
W2P,DEUTSCH,200
DT04-4P,DEUTSCH,207
HD36-18-8SN,DEUTSCH,300
WM-2P,DEUTSCH,300
0460-202-20141,DEUTSCH,500
0460-215-16141,DEUTSCH,750
114017-ZZ,DEUTSCH,839
0462-203-12141,DEUTSCH,1597
0460-202-16141,DEUTSCH,3268
1610-92-5A,DIGI-KEY,15
2000096,DIGITRAN,14
43EBL,DIGITRAN,27
43EBR,DIGITRAN,29
MWDW2:1.187BKSU,DUNBAR,1
3031V,EAGLE/ARROW HART,8
10-1313.1249,EAO,1
10-2512.1146,EAO,1
10-2512.1149,EAO,1
10-4613.3102B,EAO,1
19-289.015,EAO,1
31-931.0,EAO,1
52-433.036,EAO,1
61-1210.0,EAO,1
61-125.00,EAO,1
61-9351.7,EAO,1
704-7097,EAO,1
704-7321,EAO,1
84-7111.500,EAO,1
10-2512.1142,EAO,2
19240254,EAO,2
31-931.5,EAO,2
700-002.22,EAO,2
704-7089,EAO,2
704-955.9,EAO,2
10-2512.1145,EAO,3
19-040251,EAO,3
31-131.022,EAO,3
31-951.6,EAO,3
704-963.1,EAO,3
84-5031.2B20,EAO,3
84-9500.4,EAO,3
19-040252,EAO,4
704-292.0,EAO,4
51-947.0,EAO,5
704-6000,EAO,5
84-8002.4340,EAO,5
84-9700.4,EAO,5
19-040253,EAO,6
31/51-388.022D,EAO,6
704-9500,EAO,9
704-950.1,EAO,10
704-633.1,EAO,17
61-9933.10,EAO,21
704-6023,EAO,23
704-020.2,EAO,24
704-6321,EAO,24
704-6090,EAO,27
51-933.5,EAO,35
704-6026,EAO,39
51-953.2,EAO,47
704.955.0,EAO,54
84-5020.0020,EAO,56
704-6042,EAO,254
52-473.036,EAO CORPOATION,25
704-9015,EAO CORPORARTION,1
51-933.4,EAO CORPORATION,1
704-703.2,EAO CORPORATION,1
14-131.025,EAO CORPORATION,2
44-800.4,EAO CORPORATION,2
84-7111.600,EAO CORPORATION,4
52-928.0,EAO CORPORATION,5
704-955.1,EAO CORPORATION,5
14-131.022,EAO CORPORATION,10
51-903.4,EAO CORPORATION,15
51-933.2,EAO CORPORATION,15
704-610.7,EAO CORPORATION,15
704-6025,EAO CORPORATION,19
704-7022,EAO CORPORATION,22
10-5312.3135,EAO CORPORATION,25
704-6024,EAO CORPORATION,27
704-609.9,EAO CORPORATION,27
704-9001,EAO CORPORATION,27
51-185.0,EAO CORPORATION,36
704-6027,EAO CORPORATION,36
51-955.5,EAO CORPORATION,39
51-920,EAO CORPORATION,43
56-995,EAO CORPORATION,73
10-1109.1329,EAO CORPORATION,125
704-064.2,EAO CORPORATION,218
704-6311,EAO CORPORATION,226
704-6006,EAO CORPORATION,252
704-900.5,EAO CORPORATION,268
704-9002,EAO CORPORATION,407
704-9505,EAO CORPORATION,449
704-6022,EAO CORPORATION ,20
19210250,EAO CORPROATION,2
51-285.0,EAO SWITCH,8
51-255.022D,EAO SWITCH,11
704-1240,EAO SWITCH CORPORATION,1
51-971.022,EAO SWITCH CORPORATION,50
3CXXA1GXXA2G0,EATON,1
7701K2,EATON,1
8442K2,EATON,1
8961K1409,EATON,1
8961K1752,EATON,1
AM1S-B3-A-0020-02E *,EATON,1
17-21160,EATON,2
8418K12,EATON,2
8900K195,EATON,2
AM1S-A3-A-0050-02E *,EATON,3
NGR2003FBN00N,EATON,3
28-6259,EATON,4
2C00050000500,EATON,5
8006K20N1V2,EATON,5
8537K34D,EATON,6
AM1S-A3-A-0015-02E *,EATON,6
AM1S-D3-A-0020-02E *,EATON,6
AM1S-D3-A-0030-02E *,EATON,6
8500K1,EATON,7
AM1S-A3-A-0010-02E *,EATON,7
1263 *,EATON,8
7300K38,EATON,8
AM2S-A8-A-0015-10E *,EATON,9
8834K5,EATON,10
AM2S-A8-A-0040-10E *,EATON,10
8536K310F,EATON,12
AM1S-D3-A-0010-02E *,EATON,12
53-4865,EATON,16
NGR10031BN00N *,EATON,17
8811K17,EATON,18
AM1S-A3-A-0020-02E *,EATON,18
28-5863-10,EATON,19
AM1S-A3-A-0030-02E *,EATON,19
ST12-B  *,EATON,19
AM1S-A3-A-0040-02E *,EATON,20
NGR25884BNZZN,EATON,22
ST40-H  *,EATON,22
8961K214,EATON,23
AM1S-D3-A-0040-02E *,EATON,23
2A0005000000,EATON,24
8497K1,EATON,24
8502K4,EATON,28
8006K43N1V2,EATON,29
MP2-121 *,EATON,30
7805K13,EATON,35
8423K1,EATON,36
8497K1C,EATON,36
NGR2003DBN00N,EATON,39
28-5863-9,EATON,44
1132-FR,EATON,45
28-5863,EATON,50
2B00000AKA3B0,EATON,50
2B00000AQA3B0,EATON,50
2B00000AWA3B0,EATON,50
3CYEA1GBEA2G0,EATON,50
7305K38,EATON,50
NGR10051BN00N *,EATON,50
NGR15041BN0BN,EATON,50
NGR35041BN0AN,EATON,50
8440K3,EATON,53
NGR15481BNAAN *,EATON,72
8956K1212,EATON,73
NGR20041BN00N *,EATON,75
28-5863-2,EATON,91
8652K12 *,EATON,91
NGR10041BN00N *,EATON,96
NGR20051BN00N *,EATON,98
8971K1647,EATON,100
28-5863-12,EATON,111
K388,EATON,150
28-5415-3 *,EATON,151
K1408,EATON,199
8411K11,EATON,262
15-192,EATON,314
NGR20031BN00N,EATON,346
1D00000000000,EATON,416
8961K339,EATON,500
8900K231,EATON,801
8444K2,EATON,1314
2500A51E *,EATON,1653
8900K179 *,EATON,1716
16-1382 *,EATON,12385
1210`,EATON,24431
8530K32,EATON ,60
8501K9,EATON AERO,128
8501K4,EATON AEROSPACE,10
MS24523-23,EATON AEROSPACE,24
8510K9,EATON AEROSPACE,279
8511K4,EATON AS,316
8860K4,EATON CORPORATION,4
7803K41.  *,EATON CORPORATION,28
8503K2,EATON CORPORATION,30
28-5637-2,EATON CORPORATION,47
K390,EATON CORPORATION,50
NGR25011BNA0N *,EATON CORPORATION,89
2604 11E,EATON CORPORATION,97
NGR10021BN00N,EATON CORPORATION,100
8434K2,EATON CORPORATION,101
17-19544-2,EATON CORPORATION,148
17-21543,EATON CORPORATION,502
8006K35N1V1,EATON CORPORATION,560
RW20012AA,EATON CORPORATION,1233
25-13936,EATON CORPORATION,4875
8961K2285,EATON ELECTRICAL,8
8510K11,EATON MS,330
JA1S-A2-A-0010-02E *,EATON/HEINEMANN,2
30099-S,EIKO,35
120PSB5-NEON 120V,EIKO,132
K2.500BKSU,ELECTRO INSULATION,100
MWDW2:1.375BKSU,ELECTROINSULATION,1
LG1635F.375WTSU,ELECTRO-INSULATION,15
LG1635F.250WTSU,ELECTRO-INSULATION,200
SPRDSU,ELECTRO-INSULATION,328
SPBLSU,ELECTRO-INSULATION,484
SPYLSU,ELECTRO-INSULATION,500
C7050AFBR,ELEKTRON,1
C7053AFBR3,ELEKTRON,1
ETN1000E,ELLIOTT,200
SMC-401-9081,EMB,83
402-9072,EMB,84
6077,EMB,150
327004,EMB,200
SMC-303-9058,EMB,221
SMC-303-9070,EMB,246
604-9036,EMB,266
SMC-301-1050,EMB,4736
812-9017,EMB CORPORATION,1
SMC-305-9076,EMB CORPORATION,105
811-9016,EMB CORPORATION,982
SMC-303-9069,EMB CORPORATION,2578
WITA-18R-UVB-M,ESSENTRA,8000
SRS6-6-01,ESSENTRA/RICHCO,3000
KO130NA126,E-SWITCH,1
RR111C1100-244,E-SWITCH,1
HY7-42D19-6,E-SWITCH,21
E205J60V8QE2,E-SWITCH,25
PV6F240SS-341,E-SWITCH,26
R5CBLKBLKEF0,E-SWITCH,33
WB2M42D1121,E-SWITCH,95
PR144C1200,E-SWITCH,100
R5SEAL,E-SWITCH,100
R5SEALFRAME,E-SWITCH,100
PV8F2Y1SS-335,E-SWITCH,118
PV4F2Y011-351,E-SWITCH,158
PV4F2Y011-345,E-SWITCH,210
RB246C1129,E-SWITCH,401
R4JBLKGILEF1,E-SWITCH,479
RB242C1021-114,E-SWITCH,649
PP1-DT7-2B2,E-SWITCH,1047
RB14DE1100,E-SWITCH,2000
RB144D1100,E-SWITCH,2300
25700IG1K10DD-10A,ETA,3
18150,EZ SWITCH,50
18GXLBLUE,FOUR STAR,22
S1042,FOUR STAR,25
F1006 BLK,FOUR STAR,27
F1704 YELLOW,FOUR STAR,44
F1704 RED,FOUR STAR,48
16MTWYELLOW,FOUR STAR,100
12GXLWHITE,FOUR STAR,117.5
16MTWBLK,FOUR STAR,120
WH26-00-100,FOUR STAR,120
F303,FOUR STAR,350
F1709 RED,FOUR STAR,5400
22 STR WHITE,FOUR STAR WIRE,100
22 STR BLUE,FOUR STAR WIRE,128
20GGRAYGXL,FOUR STAR WIRE,144
22 STR BLACK,FOUR STAR WIRE,307.966
22 STR RED,FOUR STAR WIRE,347
FSGT6,FOUR STAR WIRE,354.5
20GBROWNGXL,FOUR STAR WIRE,780
FIT221-3/32-BLK,FOUR STAR WIRE & CABLE,77.5
F152 BLACK,FOUR STAR WIRE & CABLE,140
F404 BLACK,FOUR STAR WIRE & CABLE,1316
18GBLACKGXL,FOUR STAR WURE,133.5
CB211-10,FUSES UNLIMITED,11
CB211-15,FUSES UNLIMITED,119
32076420352,GARDNER BENDER,1350
312431-AEL,GEMCO,972
VELCRO,GILBERTS,3.64
7.38287E+11,GILBERTS,33
O-RING #5 RUBBER,GILBERT'S,48
O-RING #7 RUBBER,GILBERT'S,140
3-520107-2,GOPHER ELECTRONICS,1796
07Z4950 RED,GRAYHILL,2
HCCY1Z600VQ,HARTLAND CONTROLS,3
HCCY3XT02CY,HARTLAND CONTROLS,6
1808.1302,HEILAND,164
AM1-B16-A-20-3 *,HEINEMANN,1
CD1-A3-DU0100-01A *,HEINEMANN,2
JA1S-A2-A-0015-02E,HEINEMANN,2
CD1-B3-DU0100-01C,HEINEMANN,3
CD1-A3-DU0015-01A *,HEINEMANN,5
CD1-A3-DU0050-01A *,HEINEMANN,5
JA1S-D3-A-0030-02E,HEINEMANN,7
JA2S-D3-A-0020-02E *,HEINEMANN,8
CF1-G3-U-0015-01A *,HEINEMANN,10
CF1-G3-U-0020-01A *,HEINEMANN,10
JA1S-B2-A-0010-02N *,HEINEMANN,10
HE-87272,HELLA,87
HE-87269,HELLA ,30
10042,HILLSADLE,3
40381-00,HILLSDALE,2
40501-00,HILLSDALE,2
40610,HILLSDALE,3
23545-06C,HILLSDALE,5
40041,HILLSDALE,7
23530-06R,HILLSDALE,9
20082,HILLSDALE,79
10664,HILLSDALE,100
10665,HILLSDALE,100
54160,HILLSDALE,100
54169,HILLSDALE,100
20662,hillsdale,126
50102N,HILLSDALE,150
20663,HILLSDALE,164
20312,HILLSDALE,510
20183,HILLSDALE,566
50063,HILLSDALE,595
20170,HILLSDALE,680
20182,HILLSDALE,720
10102BZ,HILLSDALE,800
20080,HILLSDALE,813
10100BZ,HILLSDALE,910
20170MT,HILLSDALE,1000
30090,HILLSDALE,1000
50103N,HILLSDALE,1113
10616,HILLSDALE,1361
20172,HILLSDALE,1694
10192,HILLSDALE,1710
50100N,HILLSDALE,2000
50230MT,HILLSDALE,2000
10313,HILLSDALE,3938
50100MT,HILLSDALE,4000
10040BZ,HILLSDALE ,293
10176,HILLSDALE ,6650
20189,HILLSDALE TERMINAL,447
20503,HILLSDALE TERMINAL,500
20172MT,HILSDALE,999
DF22-4S-7.92C,HIROSE,1
DF5A-6S-5C,HIROSE,1
DF22-3S-7.92C,HIROSE,2
DF22-2S-7.92C,HIROSE,3
DF22-1416SCF,HIROSE,4
DF5A-1822SCF,HIROSE,5
DF22A-1012SCF,HIROSE,10
HBL-7832D,HUBBELL,1
H1010,ICONN,1
H1009,ICONN,2
WH20-00-100,IEWC,25
18TXLGRY,IEWC,42
18TXLRED,IEWC,42
12TXLBRN,IEWC,50
12TXLRED,IEWC,50
12TXLYEL,IEWC,50
14TXLBRN,IEWC,50
14TXLYEL,IEWC,50
18TXLYEL,IEWC,50
20TXLGRY,IEWC,50
20TXLORG,IEWC,50
20TXLRED,IEWC,50
20TXLYEL,IEWC,50
CONDUIT1/2BG,IEWC,254.5
CONDUIT5/8BG,IEWC,509
18TXLORG,IEWC,903
CONDUIT3/8BG,IEWC,1054.5
14TXLBLK,IEWC,1110
CONDUIT1/2BBLU,IEWC,1126.75
CONDUIT1/4BG,IEWC,1250.25
CONDUIT3/8BBLU,IEWC,2255
14TXLRED,IEWC,2790
CONDUIT1/4BBLU,IEWC,2860
10GXLRED,IEWC,9527.01
22MTWBLK,IEWC,15000
6S754,INDAK,300
623-1932,INTERVOX,150
E201J60V8QE2,ITT/C&K,3
12TXLBLK,IWEC,50
SP102-14634,JENLAY,4
BA-FTR-RED,JENLAY,25
11967,JOHNSON ELECT,37
XGT2C-86-Z1,JOHNSON ELECTRIC,2000
8915,KESTER,1
04-7080-0000,KESTER,10
BSTP-02/4X4,KLEINHUIS,150
SDLA-135,KLIXON,5
161-1640-EX,KOBICONN,1
DTP04-4P,LADD,27
DT04-6P-CE03,LADD,49
W6P,LADD,49
114017,LADD,50
DT04-4P-CE02,LADD,150
WP-4P,LADD,279
1011-026-0205,LADD,290
W3P,LADD,300
0460-204-12141,LADD,897
244372,LAIRD,1728
ACC-F03-1,LAMB,107
PV8F2Y1SS-235,LAMB,1000
LM922-204,LASERMAX,1
LM922-417,LASERMAX,1
LM922-402,LASERMAX ROMARK,1
WF200-0UG-028V,LEDTRONICS,1
WF200-0UY-028V,LEDTRONICS,5
WF200-0UR-028V,LEDTRONICS,8
80401-T,LEVITON,2
86064,LEVITON,2
80401-W,LEVITON,5
88033,LEVITON,5
88064,LEVITON,6
5522-1VW,LEVITON,21
86025,LEVITON,25
80409-WHITE,LEVITON,29
5320-WCP,LEVITON,30
78025,LEVITON,30
88025,LEVITON,38
78014,LEVITON,94
LG3635W.187RD4,LG,93.75
LG1635F.125BKSU,LG,1000
LTP-757KY,LITE-ON,83
314.002P,LITTELFUSE,300
354801GY,LITTELFUSE,462
SS3404-00,LYNTRON,3998
AA6982-2.500-00,LYNTRON,4000
832B-12L,M & G CHEMICALS ,624
12 MTW BLACK,MAC & MAC,100
CBLHOOKUP20AWGWHT,MADISON,30
609-M245,MARK W. PINNEY,3
1808.0102,MARQUARDT,2
826.000.011,MARQUARDT,5
1939.3119,MARQUARDT,7
1683.1201,MARQUARDT,10
1004.1001,MARQUARDT,25
829 000 031,MARQUARDT,31
6450.0003,MARQUARDT,41
1803.1102,MARQUARDT,95
826 000 021,MARQUARDT,100
835.000.111,MARQUARDT,100
842 000 011,MARQUARDT,100
835 010 111,MARQUARDT,148
6450.0001,MARQUARDT,200
835 003 111,MARQUARDT,200
1006.1301,MARQUARDT,292
203.089.011,MARQUARDT,373
829 000 011,MARQUARDT,1063
1555.3102,MARQUARDT,1989
1006.1204,MARQUARDT,2856
1006.1401,MARQUARDT,3326
2711.5101,MARQUARDT SWITCH,4
1801.1102 *,MARQUARDT SWITCHES,399
16/5 STO YELLOW,MC MVC,200
0861-0187,MCGILL,54
93-3003,MCGILL,68
0851-0071 *,MCGILL,84
175-S0-150-2,MECH PROD,3
1600-247-350-37,MECH PROD,20
1600-162-050,MECH PROD,49
17920,MECH PROD,100
1680-037-100,MECH PROD,137
1648-009-045,MECH PROD,157
1480-333-070-G1,MECH PROD,169
1480-003-200-G1,MECH PROD,195
1480-303-070-G1,MECH PROD,300
1480-333-060-G1,MECH PROD,327
1480-333-150-G1,MECH PROD,394
1480-303-070-097,MECH PROD,557
1480-333-200-G1,MECH PROD,593
1480-333-100-97,MECH PROD,600
5000-635-1,MECH PROD,655
1480-301-040-G1,MECH PROD,837
1480-003-060-97,MECH PROD,1300
1648-084-040-97,Mech Prod,1866
282,MECH PROD,2662
1600-082-350-A2,MECH PRODUCTS,5
1480-303-100-97,MECH PRODUCTS,336
1480-333-050-A9,MECH PRODUCTS,411
1480-003-080-97,MECH PRODUCTS,641
1480-303-200-97,MECH PRODUCTS,644
1480-303-150-97,MECH PRODUCTS,1078
1480-003-070-97,MECH PRODUCTS,1429
1480-303-050-97,MECH PRODUCTS,1746
1480-003-150-97,MECH PRODUCTS,1946
1480-003-200-97,MECH PRODUCTS,2122
1480-003-100-97,MECH PRODUCTS,3056
796-1,MECH PRODUCTS,4265
1480-003-050-97,MECH PRODUCTS,9438
1480-003-040-97,MECH. PRODUCTS,1393
1680-318-2,MECHANIAL PRODUCTS,872
171-S0-090-2,MECHANICAL PRODUCTS,3
175-S0-070-2,MECHANICAL PRODUCTS,5
1600-247-200,MECHANICAL PRODUCTS,6
171-S0-030-2,MECHANICAL PRODUCTS,6
175-S0-060-2,MECHANICAL PRODUCTS,6
171-S0-150-2,MECHANICAL PRODUCTS,8
175-S0-030-2,MECHANICAL PRODUCTS,8
171-S0-025-2,MECHANICAL PRODUCTS,9
171-S0-035-2,MECHANICAL PRODUCTS,9
171-S0-040-2,MECHANICAL PRODUCTS,9
171-S0-060-2,MECHANICAL PRODUCTS,9
171-S0-070-2,MECHANICAL PRODUCTS,9
171-S0-080-2,MECHANICAL PRODUCTS,9
171-S0-100-2,MECHANICAL PRODUCTS,9
171-S0-110-2,MECHANICAL PRODUCTS,9
171-S0-120-2,MECHANICAL PRODUCTS,9
171-S0-135-2,MECHANICAL PRODUCTS,9
175-S0-025-2,MECHANICAL PRODUCTS,9
175-S0-035-2,MECHANICAL PRODUCTS,9
175-S0-040-2,MECHANICAL PRODUCTS,9
175-S0-050-2,MECHANICAL PRODUCTS,9
175-S0-080-2,MECHANICAL PRODUCTS,9
175-S0-090-2,MECHANICAL PRODUCTS,9
175-S0-110-2,MECHANICAL PRODUCTS,9
175-S0-120-2,MECHANICAL PRODUCTS,9
175-S0-135-2,MECHANICAL PRODUCTS,9
752-001-200-051,MECHANICAL PRODUCTS,13
762-001-070-051,MECHANICAL PRODUCTS,17
1610-109-100-15,MECHANICAL PRODUCTS,19
1648-088-040-E9,MECHANICAL PRODUCTS,19
1600-001-200,MECHANICAL PRODUCTS,23
1680-037-300,MECHANICAL PRODUCTS,39
1600-094-250-07,MECHANICAL PRODUCTS,44
1610-109-250-15,MECHANICAL PRODUCTS,48
1600-247-150,MECHANICAL PRODUCTS,50
1680-037-150-54,MECHANICAL PRODUCTS,52
1680-227-300-97,MECHANICAL PRODUCTS,60
1600-247-300,MECHANICAL PRODUCTS,63
1600-109-200,MECHANICAL PRODUCTS,64
1680-236-100-50,MECHANICAL PRODUCTS,65
1600-082-150,MECHANICAL PRODUCTS,90
1600-082-100-A3,MECHANICAL PRODUCTS,96
1681-094-150,MECHANICAL PRODUCTS,99
1600-082-150-0A3,MECHANICAL PRODUCTS,100
1600-082-050,MECHANICAL PRODUCTS,130
1600-082-050-0A7,MECHANICAL PRODUCTS,133
1490-403-050,MECHANICAL PRODUCTS,150
1681-094-150-50,MECHANICAL PRODUCTS,155
1600-037-250,MECHANICAL PRODUCTS,165
1600-082-200,MECHANICAL PRODUCTS,165
1680-219-250-A9,MECHANICAL PRODUCTS,170
1600-195-180,MECHANICAL PRODUCTS,174
1681-112-300,MECHANICAL PRODUCTS,193
1680-037-050,MECHANICAL PRODUCTS,250
1600-037-200,MECHANICAL PRODUCTS,278
1648-025-060,MECHANICAL PRODUCTS,279
1680-219-300-A9,MECHANICAL PRODUCTS,288
1680-037-250,MECHANICAL PRODUCTS,321
1600-037-350,MECHANICAL PRODUCTS,322
1648-009-050,MECHANICAL PRODUCTS,323
606780AM,MECHANICAL PRODUCTS,360
1680-264-170-054,MECHANICAL PRODUCTS,390
1648-084-050,MECHANICAL PRODUCTS,408
1680-219-070-A9,MECHANICAL PRODUCTS,477
1680-264-170,MECHANICAL PRODUCTS,486
1600-213-075-0E9,MECHANICAL PRODUCTS,718
1600-037-150-33,MECHANICAL PRODUCTS,877
1600-037-100,MECHANICAL PRODUCTS,889
1480-003-030-97,MECHANICAL PRODUCTS,1112
5000-326-4,MECHANICAL PRODUCTS,1428
1600-037-050,MECHANICAL PRODUCTS,1542
5000-218-4,MECHANICAL PRODUCTS,1570
2014,MECHANICAL PRODUCTS,1728
5000-308-7,MECHANICAL PRODUCTS,1811
275,MECHANICAL PRODUCTS,2184
5000-066-1,MECHANICAL PRODUCTS,2341
1648-079-035-043,MECHANICAL PRODUCTS,2515
5000-632-1,MECHANICAL PRODUCTS,3360
5000-646-1,MECHANICAL PRODUCTS,4496
5000-223-1,MECHANICAL PRODUCTS,5004
1480-313-150-97,MECHANICAL PRODUCTS,5200
1680-330-1,MECHANICAL PRODUCTS,5576
5000-211-1,MECHANICAL PRODUCTS,29986
252-001-150-44,MECHANICAL RPODUCTS,925
1680-082-300-OD0,MECHCANICAL PRODUCTS,720
MSPP0004100251,METRO BOLT,900
TEKP0008000751,METRO BOLT,1000
TEKP0008000501,METRO BOLT ,4500
WSAE000801,METRO BOTL,6000
V3L-101,MICROSWITCH,7
V3-1078,MICROSWITCH,15
SPE12312,MID-STATE/CORDSETS,303
AS-232A-A,MISC,40
71105-59,MOLEX,5
2/9/2118,MOLEX,10
42819-6212,MOLEX,10
770248-1,MOLEX,20
391001112,MOLEX,29
77012,MOLEX,31
770249-3,MOLEX,51
19067-0112,MOLEX,53
1812,MOLEX,60
1811 *,MOLEX,65
PBT-2C,MOLEX,80
71106-59,MOLEX,85
21003,MOLEX,91
19-09-1029,MOLEX,100
25168306,MOLEX,100
3-520133-2,MOLEX,500
74103-59,MOLEX,506
874390600,MOLEX,595
874210000,MOLEX,606
7233/2,MOLEX,617
19069-0042,MOLEX,717
19606-0002,MOLEX,797
190740007,MOLEX,1000
CSN-346,MOLEX,1000
3/6/2023,MOLEX,1004
1919-30216,MOLEX,1496
2/6/2103,MOLEX,1510
7315,MOLEX,1713
1919-30245,MOLEX,2240
1214-TERM.,MOLEX,3166
19003-0001,MOLEX CORPORATION,2910
MJ2-1307A-20,MOUJEN,1
MZ-7512,MOUJEN,2
MJ2-1515-A-N0,MOUJEN,4
MV-3001A20,MOUJEN,150
1600-179-300-0D2,MP,458
1600-382-1,MP,1397
5000-634-1,MP,2993
MP-2015,MP,5357
MP-2037,MP,33944
MU-CRET10M50V *,MYRON,3200
3-89652CJS *,NECON,15
3-79251RI *,NECON,52
3-89083MM *,NECON,102
2-81171-00 *,NECON,138
M2018SS1W01,NKK,1
M2023B2B1W01,NKK,1
AT431,NKK,2
AT702,NKK,2
HS16-1N-RO,NKK,2
AT079-A,NKK,8
AT432,NKK,54
M2022S2S1W01-RO,NKK,150
AT4043,NKK SWITCHES,1
M2022LL1G01,NKK SWITCHES,1
MB2065SB1W01-DA,NKK SWITCHES,2
SK25BG13,NKK SWITCHES,3
MB2011SD3W01-CA,NKK SWITCHES,22
SK15BG13,NKK SWITCHES,57
L27-RED,NORMAN,10
10-1422.1179,NORMAN,16
31-963.1,NORMAN,17
30099,NORMAN,39
NE-120PSB 250V,NORMAN,99
B2A-240V,NORMAN,130
B2A-120V,NORMAN,193
30120,NORMAN,239
85-09-1,NORMAN,500
N1195,NORMAN LAMP,7
L23 WHITE *,NORMAN LAMPS,1
24PSB5,NORMAN LAMPS,10
93 *,NORMAN LAMPS,10
12PSB5 12V,NORMAN LAMPS,18
10S6-120V-CS,NORMAN LAMPS,30
L23 AMBER *,NORMAN LAMPS,101
382,NORMAN LAMPS,200
L23-GREEN *,NORMAN LAMPS,200
85-09-5,NORMAN LAMPS,500
501-0002,NTE,1
501-0009,NTE,1
51024,NTE,1
X157-22T200,NTE,1
QW130,NTE,4
QW212,NTE,4
QW230,NTE,4
ST-300-1/4-4,NTE,4
54-404,NTE,5
54-424,NTE,5
54-452,NTE,5
54-425,NTE,6
54-438,NTE,6
54-455,NTE,6
54-402,NTE,7
R10-11A10-120,NTE,8
54-415,NTE,10
54-441,NTE,10
54-407,NTE,11
54-414,NTE,11
54-400,NTE,13
54-451,NTE,13
NTE5812,NTE,13
54-421,NTE,15
54-442,NTE,20
NTE5804,NTE,20
WH22-09-100,NTE,26.5
WH20-05-100,NTE,30
QW447,NTE,100
QW04222BR,NTE,200
QW422,NTE,200
NTE4933,NTE,202
NEHH1.0M160AA,NTE,346
WT22-09-100,NTE,550.5
3024,NTE,691
WH22-02-500,NTE,826.5
1N5408,NTE,1148
R14-11A10-24F,NTE,1199
R95-125,NTE ELECTRONICS,12
R55-11A20-240F,NTE ELECTRONICS,225
1N4004,NTE],100
XEB2203,OKAYA,3
D2VW-01L2A-1HS,OMRON ELECTRONICS,10
Z-15GQ22-B7-K,OMRON ELECTRONICS,30
APR-7.5A,OPTIFUSE,1
APR-3A,OPTIFUSE,2
TFLM-30UP,OPTIFUSE,3
APM-25A,OPTIFUSE,4
LPM-05B-12OR,OPTIFUSE,4
TSA-5A,OPTIFUSE,5
APR-25A,OPTIFUSE,6
TSA-1A,OPTIFUSE,7
APM-7.5A,OPTIFUSE,19
153050,OPTIFUSE,36
MRCBP-V30,OPTIFUSE,39
LPR-02-12,OPTIFUSE,56
153200,OPTIFUSE,85
MRCB-H-20A,OPTIFUSE,94
MCB-100A,OPTIFUSE,100
APX-30A,OPTIFUSE,166
M0CB12-N-40A,OPTIFUSE,195
PKA-02,OPTIFUSE,418
CNR-02,OPTIFUSE,436
ACB-H-20,OPTIFUSE,489
APM-5A,OPTIFUSE,578
PMA-KB-03-Q2S,OPTIFUSE,614
FSA-2A,OPTIFUSE,700
APR-10A,OPTIFUSE,770
APM-2A,OPTIFUSE,904
CNM-02,OPTIFUSE,930
BA-SPA2277,OPTIFUSE,996
APT-30,OPTIFUSE,1000
APM-15A,OPTIFUSE,1009
APS-3A,OPTIFUSE,1040
APM-30A,OPTIFUSE,5310
K1-104-S1S1N2,OSLO,1
SPA1X6-D7M9-T,OSLO,1
RTL11H250V1M9,OSLO,3
SPM1A4C9,OSLO,3
T104,OSLO,3
SGTA12V0C9,OSLO,6
CRSOA125VG4M9,OSLO,12
CRSOA125V2M9,OSLO,20
12-1W1 (EMERG. PWR),OSLO,40
CRTP22X1-4M9,OSLO,50
RSP7A8C9 **,OSLO,54
CRS0A12V3M9,OSLO,86
SPA1A12C9,OSLO,103
12-2W12,OSLO,145
CRTP1A9M9,OSLO,145
K1-100-S-1-S-1-N-1,OSLO,181
CRSL1A12V4M9,OSLO,198
CRS0A12V1M9,OSLO,244
CRS0A12VR1M9,OSLO,248
SGTA12V4C9,OSLO,400
CRTL10A28V3M9,OSLO,500
12-1W3,OSLO,507
12-1W12,OSLO,529
SPM1A-D1M9,OSLO,624
CRTP66A7M9,OSLO,800
CRTL10A125V1M9,OSLO,838
CRTP4A7M9,OSLO,1000
12-1W1,OSLO,1109
19-9,OSLO,1260
CRTP1X3-12M9,OSLO,1600
K2-118-S1-S1-N1,OSLO CONTROLS,1
K2-118S1S1N1,OSLO CONTROLS,1
R9D-2-K-K-F-T-0,OSLO CONTROLS,3
19-6W9,OSLO CONTROLS,4
CRSP2A9M9,OSLO CONTROLS,5
12-2W4,OSLO CONTROLS,35
12-1W4,OSLO CONTROLS,159
12-2W1,OSLO CONTROLS,261
12-1W2,OSLO CONTROLS,529
RTL80A12V1M9,OSLO CONTROLS,1018
807039-1,OTT0,100
300514,OTTO,1
G3-A1AS111NNNN,OTTO,1
K5BA331GAA,OTTO,1
R2AA111D1NN,OTTO,1
P7-300011,OTTO,2
R2AA4555NNNN,OTTO,2
T7-211F1,OTTO,2
P1-62512,OTTO,3
P8-V126323,OTTO,4
T7-212D5,OTTO,4
P9-113225,OTTO,8
P3-90165,OTTO,9
801775-2B,OTTO,10
P1-10142-2,OTTO,10
K1-ABAAAAAA,OTTO,17
K1ABEAAAAA,OTTO,18
MSC13717,OTTO,25
MSC13718,OTTO,25
P1-31231,OTTO,29
T9-MS1-23,OTTO,43
K2ABEAAAAA,OTTO,45
P3-D211126W,OTTO,56
P3-61111,OTTO,85
K2ABPAAAAA,OTTO,100
C700110,OTTO,111
K2ADMAAAAA,OTTO,125
K2ABJAAAAA,OTTO,150
K2ADPAAAAA,OTTO,150
P3-D212121W,OTTO,150
R2AA455NNNNN,OTTO,199
T7-211G1,OTTO,263
P7-DF00004,OTTO,320
P3-D211121,OTTO,350
P7-300063,OTTO,350
P3-D211126,OTTO,363
402339,OTTO,469
807038-1,OTTO,475
402246,OTTO,510
P9-111122W,OTTO,665
K1ABACBABA,OTTO,950
P9-131121,OTTO CONTROLS,1
T4-0122,OTTO CONTROLS,1
P3-60019,OTTO CONTROLS,2
P9-211124,OTTO CONTROLS,3
P9-211129,OTTO CONTROLS,3
P9-900002,OTTO CONTROLS,4
TG-00001,OTTO CONTROLS,4
P3-70010,OTTO CONTROLS,5
C401245-25-1,OTTO CONTROLS,7
C401245-25-9,OTTO CONTROLS,8
C401244-25-5,OTTO CONTROLS,10
C401245-25-5,OTTO CONTROLS,14
P3-30248,OTTO CONTROLS,14
C401245-25-6,OTTO CONTROLS,18
C401244-25-8,OTTO CONTROLS,19
LP3-9000013,OTTO CONTROLS,22
PE2-90001,OTTO CONTROLS,22
C401244-25-7,OTTO CONTROLS,24
C401245-25-3,OTTO CONTROLS,24
C401245-25-7,OTTO CONTROLS,24
C401245-25-8,OTTO CONTROLS,24
P9-111122,OTTO CONTROLS,24
C401245-25-2,OTTO CONTROLS,25
P1-90131-2,OTTO CONTROLS,25
P1-90059,OTTO CONTROLS,28
P3-90071,OTTO CONTROLS,28
C401244-25-9,OTTO CONTROLS,30
K2-00000026,OTTO CONTROLS,30
C401245-25-4,OTTO CONTROLS,33
P1-10145-3,OTTO CONTROLS,33
C401244-25-4,OTTO CONTROLS,40
C401244-25-1,OTTO CONTROLS,49
C401244-25-3,OTTO CONTROLS,51
P3-90003,OTTO CONTROLS,58
T7-212B5,OTTO CONTROLS,58
SW-1854,OTTO CONTROLS,65
C401244-25-2,OTTO CONTROLS,85
T7-212E5,OTTO CONTROLS,114
P3-80025,OTTO CONTROLS,140
P9-211128,OTTO CONTROLS,144
C401244-25-6,OTTO CONTROLS,854
T7-211E1,OTTO CONTROLS,1163
P7-300008,OTTO CONTROLS ,26
12124582,PACKARD,4
12124580,PACKARD,580
12077413,PACKARD,3730
12015870,PACKARD,4245
15324981,PACKARD,5308
LBL-5730-W,PARA LIGHT,3
PL-ORION II-X,PARA LIGHT,14
L-314UB5C,PARA LIGHT,21
L-3T47UWC-T-U1,PARA LIGHT,250
L-5T47UB5C-D1,PARA LIGHT,330
L-513UYD,PARA LIGHT,426
L-314YD,PARA LIGHT,500
L-5T47UWC-T1-D1,PARA LIGHT,733
L-463ED,PARA LIGHT,2000
L-314ED,PARA LIGHT,8000
L-C150TBCT,PARA LIGHT,9000
LGR3G040,PARA LIGHT,37000
LNR3GD180GA,PARA LIGHT,45000
LGR3E043A,PARA LIGHT,49000
LNR3ED179GA,PARA LIGHT,85500
TGL4030SC1,PELCO,2
MC3003651T,PELCO,16
MX15150A,PELCO,50
TEKRU075CW,PELCO,1000
MC1003651T,PELCO/AIROTRONICS,9
TGPSL70060A2H,PELCO/AIRTRONICS,5
C5010M05BPLB12B-7,PELONIS,2
RBH5015B,PELONIS,67
PFK-80,PELONIS,164
C8025H12BPLB1,PELONIS ,153
RLY1943F *,PHILIPS ECG,4
PC740-2C-C3-120A,PICKER,1
PC822-1C-12S-E,PICKER,2
PC795-1C-C-24S-RN-X,PICKER,9
PTRH-1C-24S-T5-X,PICKER,10
PC566-2C-12F,PICKER,60
PC792A-1C-C3-12S-RN-X,PICKER,174
PC236-1C-6S-X,PICKER,496
PC792A-1C-C-12S-RN-X,PICKER,1298
PC792A-1C-C1-12S-RN-X,PICKER,1361
PC792A-1A-C-12C-N-X,picker,1561
PC782-1C-12S-R-X,PICKER,2790
PC236A-1C-12S-X,PICKER,4192
PC785-1C-12S-RX,PICKER,4750
PCD240AC8-X,PICKER ,150
PC792A-1C-P-12S-X,PICKER ,1529
PC795-1A-C-12S-RN-X,PICKER ,1931
PC792A-1C-C1-12C-N-X,PICKER COMPONENTS,2
PC795-1A-C1-12S-RN-X,PICKER COMPONENTS,8
PC307-12GX,PICKER COMPONENTS,10
PC113-2C-C1-24D-LD-X,PICKER COMPONENTS,100
PTRA-1C-24C-T5-X,PICKER COMPONENTS,2800
PC415-1C-12S-X,PICKER COMPONENTS,3000
68-SP-101,PLAYTO,1
11-702,POLLAK,5
LM50-81812,PRODUCTION TOOL,15
Q2-F3X-1/8-01-MS100FT,QUALTEK,1
Q5-3X-1/4-01-SS100M,QUALTEK,4
Q2-F3X-1.5-01-QB6IN-5,QUALTEK,6
Q5-3X-1-01-QB48IN-5,QUALTEK,16
703W-00/07,QUALTEK,50
Q5-2X-3/4-01-SS25M,QUALTEK,82
Q5-2X-1/2-04-SS25M,QUALTEK,164
Q5-3X-3/8-01-QB48IN-25,qualtek,323.175
Q2-F-1/8-01-QB48IN-25,QUALTEK,400
Q2-Z-1/2-01-MS100FT,QUALTEK,500
Q5-2X-1/4-04-SS100M,QUALTEK,549.7248
Q5-3X-3/16-01-SS100M,QUALTEK,656
Q5-2X-1/4-01-SS100M,QUALTEK,805.295
Q2-F-3/16-01-MS100FT,QUALTEK,992.9
Q5-4X-1/2IN-01-SS25M,QUALTEK,1189
Q2-F-1/8-01-MS100FT,QUALTEK,1500
Q2-F-1/2-01-SS200FT,QUALTEK,1562.5
Q2-F-1/4-01-SS500FT,QUALTEK,2539.56
Q5-3X-1/4-01-QB.75IN-500,QUALTEK,15016
CAT-20-PP,RICHCO,8
FTH-1-01,RICHCO,8
QFG-16220,RICHCO,12
CAT-25-PP,RICHCO,18
CAT-08-PP,RICHCO,32
OFCC-16-A-RT,RICHCO,57
RCGH-40,RICHCO,259
PGM-25,RICHCO,408
MFTH-2-01A-RT,RICHCO,700
SS-1/4-2,RICHCO,948
PGM-24,RICHCO,988
LCBS-4-19,RICHCO,1000
R905-13,RICHCO,1000
RBF-4.8-15-16,RICHCO,1000
SRB-R-4,RICHCO,1000
WIT-120R-UVB-D-XL,RICHCO,1500
MNI-6-8BK,RICHCO,1975
MNI#5/16-16,RICHCO,2000
WIT-18V,RICHCO,2000
WHC-375-01,RICHCO,17000
US08-0098,RICHCO,44000
HG-6,RICHCO ,310
FTH-4A-RT-C,RICHCO PLASTICS,4
VVPZEAC-1XX-XWAS,RICHCO PLASTICS,70
HG-3.5,RICHCO PLASTICS,148
PGM-18,RICHCO PLASTICS,400
RSSD-800,RICHCO PLASTICS,500
FTH-5A-RT,RICHCO PLASTICS,786
LMSP-6-01,RICHCO PLASTICS,1000
SP1-4-01,RICHCO PLASTICS,1000
SRS6-5-01,RICHCO PLASTICS,1000
WIT-120R-UVB-C,RICHCO PLASTICS,2300
SS10-8,RICHCO PLASTICS,3000
WIT-30R,RICHCO PLASTICS,4000
WITA-18R,RICHCO PLASTICS,16510
DLSP-1-6M-01,RICHCO PLASTICS,20000
SRS6-4-01,RICHCO PLASTICS,20000
432-0711-002,ROGAN,50
822-422,ROMARK,1584
XGG2-88-S21-Z1,SAIA/BURGESS,4
15315,SAIA/BURGESS,36
BVM3FY-ULS,SAIA/BURGESS,135
XGG2-81-Z1,SAIA/BURGESS,1000
XGG3W-88-T20-Z1,SAIA/BURGESS,1000
X4G504N1BBFA,SAIA/BURGESS,2397
XGO2-88-Z1,SAIA/BURGESS  ,2000
XGG6-88-P27-Z1,SAIA-BURGESS,46
19540,SAIA-BURGESS,119
2249-C-48 *,S-F ELECTRONIC SUPPLY,25
2249-C-60 *,S-F ELECTRONIC SUPPLY,25
2249-C-12 *,S-F ELECTRONIC SUPPLY,29
1150-G-ES,SHIN CHIN,1
1150-R-ES,SHIN CHIN,1
1835-1-20-20320,SOLICO,1
1839-1-10-20310,SOLICO,1
1852-1-12-21610,SOLICO,1
2815-1-11-41650,SOLICO,1
2835-1-10-44330,SOLICO,1
2912-1-11-37640,SOLICO,1
2935-1-11-37320,SOLICO,1
2935-1-11-37340,SOLICO,1
2939-1-11-38140,SOLICO,1
2950-1-11-37320,SOLICO,1
2950-1-11-38110,SOLICO,1
3012-4-13-41110,SOLICO,1
3012-4-13-41140,SOLICO,1
3039-3-11-37310,SOLICO,1
3050-3-11-39310,SOLICO,1
"3335-4-11-18110 ""MUX ERROR""",SOLICO,1
4313-X-20-01040.XXXX,SOLICO,1
4515-1-20-01010,SOLICO,1
1815-1-23-20310,SOLICO,2
2500-0-50-45170,SOLICO,2
3035-3-11-38320,SOLICO,2
3039-3-11-37330,SOLICO,2
3052-4-11-37340,SOLICO,2
4612-1-72-05010,SOLICO,2
1835-1-12-21620,SOLICO,3
1841-1-20-20310,SOLICO,3
2950-1-11-37310,SOLICO,3
3050-3-12-43620,SOLICO,3
3239-3-00-17440,SOLICO,4
3039-3-11-39320,SOLICO,5
2135-1-23-22640,SOLICO,6
"2152-X-12-21610-18""",SOLICO,6
3535-1-00-25220,SOLICO,6
4312-1-20-01040,SOLICO,6
4712-1-72-01040,SOLICO,6
4712-1-72-01080,SOLICO,6
2135-1-13-20110,SOLICO,7
2412-3-20-20340,SOLICO,8
3150-4-00-59610,SOLICO,8
WB-B3B-00-000-00,SOLICO,8
2150-1-12-21110,SOLICO,10
1815-1-12-22640,SOLICO,11
3013-4-10-42620,SOLICO,11
4413-1-20-01040,SOLICO,13
3112-4-00-57610,SOLICO,16
1235-3-23-47110,SOLICO,17
2152-1-12-20310,SOLICO,26
4712-1-72-01010,SOLICO,26
3035-4-13-41140,SOLICO,30
4413-1-20-01010,SOLICO,31
1235-4-20-47110,SOLICO,33
2912-1-11-37660,SOLICO,33
4712-1-72-05050,SOLICO,33
2935-1-10-44330,SOLICO,38
3052-3-11-38310,SOLICO,38
15.501,SOLICO,44
2539-4-20-45340,SOLICO,44
2950-1-11-37120,SOLICO,46
3050-3-11-37640,SOLICO,50
4416-1-20-01010,SOLICO,51
44XX-X-20-01010.0004,SOLICO,53
1815-1-10-20310,SOLICO,57
2952-1-11-40520,SOLICO,60
2435-3-20-20320,SOLICO,70
2950-1-11-37140,SOLICO,73
3535-1-00-25240,SOLICO,75
4512-1-20-01080,SOLICO,75
3050-4-12-37610,SOLICO,76
2250-3-00-34340,SOLICO,86
3052-3-11-38340,SOLICO,90
3039-3-11-38320,SOLICO,97
1852-1-10-20320,SOLICO,100
3050-3-11-38110,SOLICO,106
2850-1-12-39630,SOLICO,115
1835-1-23-20310,SOLICO,127
3112-1-00-57610,SOLICO,142
2135-1-13-20310,SOLICO,150
1812-1-23-20310,SOLICO,153
4512-1-20-01040,SOLICO,174
3335-4-41-18160,SOLICO,175
2112-1-23-20340,SOLICO,178
2650-1-50-45341,SOLICO,195
2435-3-20-20340,SOLICO,203
9913-X-00-03010.0001,SOLICO,206
9913-X-00-03080.0001,SOLICO,206
1812-1-23-20320,SOLICO,240
3050-3-12-373X0.0001,SOLICO,250
2152-1-10-20310,SOLICO,252
3450-1-50-19412,SOLICO,306
1812-1-23-20340,SOLICO,310
3052-3-12-37340,SOLICO,375
44XX-X-20-01010.0002,SOLICO,380
44XX-X-20-01010.0001,SOLICO,532
2335-X-00-34310.0001,SOLICO,598
1810-1-23-20340,SOLICO,670
T CLIP 1/2 INCH,SOLICO,750
4512-1-20-01010,SOLICO,755
3150-4-00-57610,SOLICO,1000
3050-3-11-38340,SOLICO,1335
2239-1-00-34310,SOLICO,1500
T CLIP 5/16 STAINLESS,SOLICO,1934
3050-3-11-38310,SOLICO,2752
2950-X-12-37310.0001,SOLICO,3227
3050-3-11-38320,SOLICO,3238
T CLIP 5/16,SOLICO,3853
4712-X-72-03010.0001,solico,7869
303-1AH-C-R1-U01-12VDC,SONG CHUAN,90
10-06-00138-AE,SPEMCO,1
1198-S/18,SPEMCO,1
1285/16,SPEMCO,1
12VRC,SPEMCO,1
5400,SPEMCO,1
70011,SPEMCO,1
BA-FTR-OHEV-SW1R,SPEMCO,1
SB76950,SPEMCO,1
VAD2A60B-AWC00-000,SPEMCO,1
VVA9C00-1H8,SPEMCO,1
1201,SPEMCO,2
1238-S/16,SPEMCO,2
1303,SPEMCO,2
7500005,SPEMCO,2
SB76930,SPEMCO,2
SB76940,SPEMCO,2
SP71150,SPEMCO,2
SP71152,SPEMCO,2
73265,SPEMCO,3
73495,SPEMCO,3
7800012,SPEMCO,3
901915,SPEMCO,3
SLT185-Q/R-W,SPEMCO,3
SP71148,SPEMCO,3
SPER86,SPEMCO,3
SPRR85-SQ,SPEMCO,3
VVA9C00-15E,SPEMCO,3
1185-Q/21-DI,SPEMCO,4
SLT1285-Q/A,SPEMCO,4
SPER93,SPEMCO,4
1201-S/16,SPEMCO,5
1228-S/16,SPEMCO,5
BLANK PLATE,SPEMCO,5
SPER40,SPEMCO,5
SPER44,SPEMCO,5
SPER95,SPEMCO,5
SPRR85/12B,SPEMCO,5
1185-Q/20-D4BB,SPEMCO,6
1215/YEL,SPEMCO,6
18650-S BLK,SPEMCO,6
770019-1,SPEMCO,6
770020-1,SPEMCO,6
770022-1,SPEMCO,6
770026-1,SPEMCO,6
SLT1285-Q/B,SPEMCO,6
SLT1285-Q/R,SPEMCO,6
1227-S/16,SPEMCO,7
1238-Q/16,SPEMCO,7
SPMR85/12R,SPEMCO,7
1194/20-XJ,SPEMCO,8
1199-Q/16,SPEMCO,8
1201/16,SPEMCO,8
16/10VNTC,SPEMCO,8
770027-1,SPEMCO,8
SPRR85/12A,SPEMCO,8
SPRR85/12LEDG,SPEMCO,8
11180 RED,SPEMCO,9
1134,SPEMCO,9
SLT1185-Q/B,SPEMCO,9
SLT1285-Q/G,SPEMCO,9
SPER85/R,SPEMCO,9
SPMR87,SPEMCO,9
1201-Q/16,SPEMCO,10
1238/16,SPEMCO,10
794610-3,SPEMCO,10
SPAR85/125V-R,SPEMCO,10
SPAR87,SPEMCO,10
SPER87,SPEMCO,10
SPRR85/120R,SPEMCO,10
SP75125,SPEMCO,11
SPAR85/125V-G,SPEMCO,11
SPMR93,SPEMCO,11
SPPB85/RD,SPEMCO,11
SPAR95,SPEMCO,12
SPR94,SPEMCO,12
18/3 SJTOW GRAY,SPEMCO,13
SPER30,SPEMCO,13
SPPB85/GR,SPEMCO,13
1197-Q/20,SPEMCO,14
SPRR89,SPEMCO,14
1195-Q/20-D4BB,SPEMCO,17
1183/20,SPEMCO,18
SPR96,SPEMCO,20
SPRR85/WHITE,SPEMCO,20
SPLR-A,SPEMCO,21
SPRR85/12BD,SPEMCO,22
SPRR93,SPEMCO,22
1156-W/10 PB,SPEMCO,25
1215,SPEMCO,25
VVA9C00-13R,SPEMCO,25
VVA9C00-1DL,SPEMCO,25
SPER85,SPEMCO,27
SPAR86,SPEMCO,29
SPRR85/12G,SPEMCO,29
922225,SPEMCO,30
1150,SPEMCO,31
2650-1-50-45341.XXX1,SPEMCO,33
18GXLRED,SPEMCO,34
1190/20B,SPEMCO,35
1193-Q-XJ-1.25,SPEMCO,35
SPR88,SPEMCO,35
8000249,SPEMCO,37
SPRR85/12AD,SPEMCO,39
SPR87,SPEMCO,43
SPRR85/12R,SPEMCO,44
SPM09073,SPEMCO,49
SPMR85,SPEMCO,50
1156-W,SPEMCO,57
SPRR85/12GD,SPEMCO,58
SPRR96,SPEMCO,59
18GXLYELLOW,SPEMCO,64
SPRR85/12RD,SPEMCO,65
1195/20 W/SEAL,SPEMCO,66
R13-135B2-02 W/ICON,SPEMCO,69
SPAR85,SPEMCO,86
F1747 BLACK,SPEMCO,88
SPMR88,SPEMCO,94
SPR86,SPEMCO,95
AS-212-03Q,SPEMCO,96
TP23-W SPECIAL,SPEMCO,100
SLT1185-Q/R,SPEMCO,101
SPRR85 ON/OFF,SPEMCO,101
Y107 *,SPEMCO,115
18GGRAYGXL,SPEMCO,117.5
73805,SPEMCO,121
18GBROWNGXL,SPEMCO,126.5
SPRR85,SPEMCO,140
SPRR95,SPEMCO,150
SPMR89,SPEMCO,158
SPAIR12VW,SPEMCO,166
MTW10RDS264,SPEMCO,168
1186-S/20B,SPEMCO,174
12AWGBLK,SPEMCO,186
SPR44,SPEMCO,187
ST-PANEL,SPEMCO,192
SPAR86W,SPEMCO,205
1199-S/16,SPEMCO,226
11180 BLACK,SPEMCO,231.4
1188/20B,SPEMCO,237
SPR89,SPEMCO,260
1300,SPEMCO,265
16MTWRED,SPEMCO,274
1193-Q,SPEMCO,286
1194-S/20B,SPEMCO,293
1157-B,SPEMCO,305
14-B BLACK,SPEMCO,305
12-BB BLACK,SPEMCO,338
18650 BLK,SPEMCO,347
1188-Q/20,SPEMCO,355
SPR93,SPEMCO,373
SP75255,SPEMCO,383
SPAIR12V,SPEMCO,392
1185-Q/20 W/SEAL,SPEMCO,404
SPAR85/ON-OFF RED,SPEMCO,482
SPMR95,SPEMCO,497
1185-Q/20BB,SPEMCO,500
1193-Q/20 XJ,SPEMCO,503
SPAR96W,SPEMCO,509
15-B BLACK,SPEMCO,523
SPR95,SPEMCO,528
SPR93-XJ,SPEMCO,536
SPRR87,SPEMCO,608
SPR85,SPEMCO,627
1187-Q/20B,SPEMCO,631
14-B,SPEMCO,632
1641,SPEMCO,668
SPAR96,SPEMCO,681
NSI,SPEMCO,687
1641-A,SPEMCO,775
12-B RED,SPEMCO,803
SMC-304-9051,SPEMCO,806
13-B,SPEMCO,843
18650,SPEMCO,849
1185,SPEMCO,931
SMC-303-9054,SPEMCO,960
1213,SPEMCO,962
B-539-10,SPEMCO,976
BAU-736-2300,SPEMCO,1000
F404 BLACK-4IN,SPEMCO,1002
SMC-303-9055,SPEMCO,1309
12-BBX BLACK,SPEMCO,1358
1193/20 XJ,SPEMCO,1611
1185-Q,SPEMCO,1668
12-B FLEX,SPEMCO,1713
1188-Q/20B,SPEMCO,1805
SMC-303-9029,SPEMCO,1953
13-B BLK,SPEMCO,1981
SMC-303-9050,SPEMCO,2422
12-B BLACK UL,SPEMCO,2482
12-B BLACK FLEX,SPEMCO,2758
SMC-303-9049,SPEMCO,3254
18650 RED/G,SPEMCO,4500
1132-H,SPEMCO,4759
1211,SPEMCO,4799
AS-212A,SPEMCO,5253
1132-K,SPEMCO,118267
1134-B,SPEMCO ,732
1242-Q/20,SPEMCO   ,12
1244/20,SPEMCO   ,13
1186-Q/20B,SPEMCO   ,74
1201-S,SPEMCO   ,75
1196-Q/20 W/SEAL,SPEMCO   ,80
1185/QC 20A@277 SPECIAL,SPEMCO   ,200
1196-Q/20B,SPEMCO   ,223
1154,SPEMCO   ,385
1227,SPEMCO    ,3
1199,SPEMCO    ,4
1193-S/20B,SPEMCO    ,5
1159,SPEMCO    ,10
110M-NO-73,SPEMCO    ,11
1191-C`,SPEMCO    ,14
1241/20,SPEMCO    ,17
1189-Q/20 W/SEAL,SPEMCO    ,22
1161-B,SPEMCO    ,31
1244-Q/20,SPEMCO    ,32
1188-S/20B,SPEMCO    ,44
1242/20-D4BB *,SPEMCO    ,45
1185/SCREW 20A@277 SPECIAL,SPEMCO    ,48
8980K14,SPEMCO    ,77
1196/20B,SPEMCO    ,82
2FC53-73,SPEMCO    ,148
1194-Q/20B,SPEMCO    ,356
1193/20B,SPEMCO    ,357
1185-S/20B,SPEMCO    ,420
1188-Q/20-D3BB,SPEMCO     ,6
1228,SPEMCO     ,10
2BB62-73,SPEMCO     ,12
1242/20,SPEMCO     ,50
1194/20B,SPEMCO     ,67
1195-Q/20 W/SEAL,SPEMCO     ,95
1195/20B,SPEMCO     ,245
1195-Q/20B,SPEMCO     ,933
1185/20B,SPEMCO     ,1144
1159-B,SPEMCO     ,1812
1186/20B,SPEMCO      ,440
1189/20B,SPEMCO       ,89
1187/20B,SPEMCO       ,114
1189-Q/20B,SPEMCO        ,581
1154-B/10B,SPEMCO        ,1461
1185-Q/20B,SPEMCO        ,1479
1228-S,SPEMCO         ,11
1244-Q,SPEMCO         ,49
1193-Q/20B,SPEMCO           ,202
1190-Q/20B,SPEMCO                  ,211
501773,STERLING TECH,511
GBPC50-06,TAITRON,325
GBPC50-10,TAITRON COMPONENTS,64
T6A40-26-B,TAITRON COMPONENTS,335
41450-1,TE CONNECTIVITY,5874
PBT-2,TEMINAL SUPPLY,271
30056-20,TERMINAL,2
ST-300-3/8-4,TERMINAL SUP[PLY,4
BSN-331,TERMINAL SUPPLY,1
TSC-750-12,TERMINAL SUPPLY,3
TSC-750-12R,TERMINAL SUPPLY,3
42238-2,TERMINAL SUPPLY,50
B-101-12HD,TERMINAL SUPPLY,87
60413-1,TERMINAL SUPPLY,149
16GXLBRN,TERMINAL SUPPLY,321
10GXLBLU,TERMINAL SUPPLY,607
10GXLTAN,TERMINAL SUPPLY,607
14GXLGRY,TERMINAL SUPPLY,607
16GXLGRY,TERMINAL SUPPLY,607
16GXLLBL,TERMINAL SUPPLY,607
16GXLTAN,TERMINAL SUPPLY,607
8GXLBLK,TERMINAL SUPPLY,607
16GXLGRN,TERMINAL SUPPLY,1405.65
16GXLYEL,TERMINAL SUPPLY,1424.4
16GXLWHT,TERMINAL SUPPLY,1448.4
16GXLBLK,TERMINAL SUPPLY,1455.2
14GXLYEL,TERMINAL SUPPLY,2625.35
14GXLBLK,TERMINAL SUPPLY,5217
16GXLRED,TERMINAL SUPPLY,7513.34
16GXLLGR,terminal supply,7714
16GXLORG,TERMINAL SUPPLY,7714
16GXLPNK,TERMINAL SUPPLY,7714
16GXLPUR,TERMINAL SUPPLY,7714
16GXLBLU,TERMINAL SUPPLY,7980.25
10GXLBLK,TERMINAL SUPPLY,9607.98
93-1001,THERMO-0-DISC,8
0852-4312,THERMO-0-DISC,79
0861-0066,THERMO-0-DISC,82
0851-0117 *,THERMO-0-DISC,173
MPG-106F,TYCO,40
60253-2,TYCO,8166
350778-1,TYCO ELECTRONICS,15
350550-2,TYCO ELECTRONICS,26
350777-1,TYCO ELECTRONICS,38
350547-2,TYCO ELECTRONICS,39
56-957,TYCO/AMP,23
14GXLORG,UNIFIED WIRE AND CABLE,796
14GXLGRN,UNIFIED WIRE AND CABLE,836.8
14GXLBLUE,UNIFIED WIRE AND CABLE,3463.18
14GXLWHT,UNIFIED WIRE AND CABLE,4681
12GXLRED,UNIFIED WIRE AND CABLE,5847.49
12GXLGRN,UNIFIED WIRE AND CABLE,7583.89
12GXLORG,UNIFIED WIRE AND CABLE,8019.5
12GXLBLK,UNIFIED WIRE AND CABLE,8447.75
12GXLBLU,UNIFIED WIRE AND CABLE,8468.75
10GXLORG,UNIFIED WIRE AND CABLE,8568.75
10GXLYEL,UNIFIED WIRE AND CABLE,8808.4
12GXLYEL,UNIFIED WIRE AND CABLE,9357
14GXLRED,UNIFIED WIRE AND CABLE ,4792.75
MP312GXL-SM-SPCL,VANGUARD,599
1090D3-28V,VCC,9
CNXBX4108,VCC,200
1030D3,VCC,500
CNX440E024208,VCC,500
STD500BLK,VCC,823
1090D5-28V,VCC,841
CMC441BTP,VCC,910
SPC 060,VCC,933
VA0L-5GWY4,VCC,966
CLP-126-BLK,VCC,967
VAOL-5701WY4,VCC,990
LPC-130-CTP,VCC,1000
VA0L-5GAE4,VCC,1000
VA0L-5GCE4,VCC,1000
VA0L-5GSBY4,VCC,1000
SMC170BTP,VCC,1900
TMC0501R000FE02,VISHAY,290
TMC50-.15-ND,VISHAY-DALE,50
SMC170GTP,VISUAL COMMUNICATIONS,900
SMC170RTP,VISUAL COMMUNICATIONS,900
SMB200GTP,VISUAL COMMUNICATIONS,1000
SMB200RTP,VISUAL COMMUNICATIONS,1000
SMB200YTP,VISUAL COMMUNICATIONS,1000
SMC170CTP,VISUAL COMMUNICATIONS,1000
SMC170YTP,VISUAL COMMUNICATIONS,1000
SML190CTP,VISUAL COMMUNICATIONS,1000
RTN150,VISUAL COMMUNICATIONS,1579
CLB300YTP,VISUAL COMMUNICATIONS CO.,2
CNX440E024104,VISUAL COMMUNICATIONS CO.,250
CNX440X024124,VISUAL COMMUNICATIONS CO.,250
CNX460E024108,VISUAL COMMUNICATIONS CO.,250
CMS322CTP,VISUAL COMMUNICATIONS CO.,408
CMC441CTP,VISUAL COMMUNICATIONS CO.,775
CLB300GTP,VISUAL COMMUNICATIONS CO.,1000
CLF280CTP,VISUAL COMMUNICATIONS CO.,1000
CLF280GTP,VISUAL COMMUNICATIONS CO.,1000
CMS442RTP,VISUAL COMMUNICATIONS CO.,1000
HMC461CTP,VISUAL COMMUNICATIONS CO.,1000
HMC461RTP,VISUAL COMMUNICATIONS CO.,1000
HMS462CTP,VISUAL COMMUNICATIONS CO.,1000
HMS462RTP,VISUAL COMMUNICATIONS CO.,1000
PCH175,VISUAL COMMUNICATIONS CO.,1000
PCH330,VISUAL COMMUNICATIONS CO.,1000
PCV220,VISUAL COMMUNICATIONS CO.,1000
CLB300RTP,VISUAL COMMUNICATIONS COMPANY,1
CLB300CTP,VISUAL COMMUNICATIONS COMPANY,857
CMC441GTP,VISUAL COMMUNICATIONS COMPANY,963
SPC 040,VISUAL COMMUNICATIONS COMPANY ,900
RNG268,VISUAL COMMUNICATIONS CORP,915
932A010,VIZIFLEX *MULTI FLEX*,47
6550-6 *,VOLEX,24
464N0-RED,VTE,656
78016 *,WALDOM,2
21004 *,WALDOM,4
77006 *,WALDOM,4
21008,WALDOM,7
A-20GV-B7-K,WALDOM,8
21002 *,WALDOM,47
14010 *,WALDOM ELECTRONICS,4
12191819,WAYTEK,31
15366060,WAYTEK,31
16/8 SO BLACK,WESCO,122
14/3 SJ00W  BLACK,WESCO,284
14 STR THHN BLK,WESCO,553
ES10CAP,WHITE PRODUCTS,855
WH20-02-100,WIRE,50
293-680,XICON,200
291-100,XICON,600
291-1K-RC,XICON,1000
291-2.2K-RC,XICON,1000
293-330,XICON,4500
SPCC062T W/6035,ZATKOFF,5040
2.80941E+11,,180
VJD1AN0B-A9C00-000,,260
